SYMBOL,NAME
07AGG,07AGG
07GPG,07GPG
08AGG,08AGG
08GPG,08GPG
08MPD,08MPD
08QPR,08QPR
09AGG,09AGG
09GPG,09GPG
10AGG,10AGG
10ARD,10ARD
10GPG,10GPG
11AGG,11AGG
11AMD,11AMD
11AQD,11AQD
11DPD,11DPD
11DPR,11DPR
11GPG,11GPG
11MPD,11MPD
11MPR,11MPR
11QPD,11QPD
11QPR,11QPR
1STCUS,1STCUS
20MICRONS,20MICRONS
20MICRONS,20MICRONS
21STCENMGM,21STCENMGM
21STCENMGM,21STCENMGM
360ONE,360ONE
360ONE,360ONE
3BBLACKBIO,3BBLACKBIO
3BFILMS,3BFILMS
3CIT,3CIT
3IINFOLTD,3IINFOLTD
3IINFOLTD,3IINFOLTD
3MINDIA,3MINDIA
3MINDIA,3MINDIA
3PLAND,3PLAND
3PLAND,3PLAND
4THGEN,4THGEN
5PAISA,5PAISA
5PAISA,5PAISA
63MOONS,63MOONS
63MOONS,63MOONS
7NR,7NR
7SEASL,7SEASL
7TEC,7TEC
A1L,A1L
A2ZINFRA,A2ZINFRA
A2ZINFRA,A2ZINFRA
AAATECH,AAATECH
AAATECH,AAATECH
AADHARHFC,AADHARHFC
AADHARHFC,AADHARHFC
AADIIND,AADIIND
AAIL,AAIL
AAKAAR,AAKAAR
AAKASH,AAKASH
AANANDALAK,AANANDALAK
AANCHALISP,AANCHALISP
AARADHYA,AARADHYA
AARCON,AARCON
AAREYDRUGS,AAREYDRUGS
AAREYDRUGS,AAREYDRUGS
AARNAV,AARNAV
AARON,AARON
AARTECH,AARTECH
AARTECH,AARTECH
AARTIDRUGS,AARTIDRUGS
AARTIDRUGS,AARTIDRUGS
AARTIIND,AARTIIND
AARTIIND,AARTIIND
AARTIPHARM,AARTIPHARM
AARTIPHARM,AARTIPHARM
AARTISURF,AARTISURF
AARTISURF,AARTISURF
AARTISURF.P1,AARTISURF.P1
AARVI,AARVI
AASHKA,AASHKA
AASTAFIN,AASTAFIN
AATMAJ,AATMAJ
AAVAS,AAVAS
AAVAS,AAVAS
AAYUSH,AAYUSH
AAYUSHBULL,AAYUSHBULL
ABAN,ABAN
ABAN,ABAN
ABANSENT,ABANSENT
ABATEAS,ABATEAS
ABB,ABB
ABB,ABB
ABBOTINDIA,ABBOTINDIA
ABBOTINDIA,ABBOTINDIA
ABCAPITAL,ABCAPITAL
ABCAPITAL,ABCAPITAL
ABCINDQ,ABCINDQ
ABCOTS,ABCOTS
ABCOTS,ABCOTS
ABDL,ABDL
ABDL,ABDL
ABFRL,ABFRL
ABFRL,ABFRL
ABGSEC,ABGSEC
ABGSEC,ABGSEC
ABHAPOWER,ABHAPOWER
ABHICAP,ABHICAP
ABHIINFRA,ABHIINFRA
ABINFRA,ABINFRA
ABINFRA,ABINFRA
ABIRAFN,ABIRAFN
ABLBL,ABLBL
ABLBL,ABLBL
ABMINTLLTD,ABMINTLLTD
ABMKNO,ABMKNO
ABREL,ABREL
ABREL,ABREL
ABRFL,ABRFL
ABRIL,ABRIL
ABSLAMC,ABSLAMC
ABSLAMC,ABSLAMC
ABSLBANETF,ABSLBANETF
ABSLBANETF,ABSLBANETF
ABSLLIQUID,ABSLLIQUID
ABSLLIQUID,ABSLLIQUID
ABSLNN50ET,ABSLNN50ET
ABSLNN50ET,ABSLNN50ET
ABSLPSE,ABSLPSE
ABSLPSE,ABSLPSE
ABSMARINE,ABSMARINE
ABVL,ABVL
ACC,ACC
ACC,ACC
ACCEDERE,ACCEDERE
ACCEL,ACCEL
ACCELERATE,ACCELERATE
ACCELYA,ACCELYA
ACCELYA,ACCELYA
ACCENTMIC,ACCENTMIC
ACCORD,ACCORD
ACCPL,ACCPL
ACCURACY,ACCURACY
ACCURACY,ACCURACY
ACE,ACE
ACE,ACE
ACEALPHA,ACEALPHA
ACEEDU,ACEEDU
ACEENGITEC,ACEENGITEC
ACEINTEG,ACEINTEG
ACEMEN,ACEMEN
ACESEPP,ACESEPP
ACESOFT,ACESOFT
ACGL,ACGL
ACHYUT,ACHYUT
ACI,ACI
ACI,ACI
ACIIN,ACIIN
ACKNIT,ACKNIT
ACL,ACL
ACL,ACL
ACLD,ACLD
ACME,ACME
ACMESOLAR,ACMESOLAR
ACMESOLAR,ACMESOLAR
ACML,ACML
ACROW,ACROW
ACSTECH,ACSTECH
ACTIVE,ACTIVE
ACTIVEINFR,ACTIVEINFR
ACUTAAS,ACUTAAS
ACUTAAS,ACUTAAS
ADANIENSOL,ADANIENSOL
ADANIENSOL,ADANIENSOL
ADANIENT,ADANIENT
ADANIENT,ADANIENT
ADANIGREEN,ADANIGREEN
ADANIGREEN,ADANIGREEN
ADANIPORTS,ADANIPORTS
ADANIPORTS,ADANIPORTS
ADANIPOWER,ADANIPOWER
ADANIPOWER,ADANIPOWER
ADARSHPL,ADARSHPL
ADCINDIA,ADCINDIA
ADCON,ADCON
ADCOUNTY,ADCOUNTY
ADDICTIVE,ADDICTIVE
ADDIND,ADDIND
ADESHWAR,ADESHWAR
ADFFOODS,ADFFOODS
ADFFOODS,ADFFOODS
ADHBHUTIN,ADHBHUTIN
ADHHATA,ADHHATA
ADINATH,ADINATH
ADITYA,ADITYA
ADITYASP,ADITYASP
ADJIA,ADJIA
ADL,ADL
ADL,ADL
ADLINE,ADLINE
ADMACH,ADMACH
ADMANUM,ADMANUM
ADOR,ADOR
ADOR,ADOR
ADROITINFO,ADROITINFO
ADROITINFO,ADROITINFO
ADSL,ADSL
ADSL,ADSL
ADTECH,ADTECH
ADVAIT,ADVAIT
ADVAIT,ADVAIT
ADVANCE,ADVANCE
ADVANCE,ADVANCE
ADVANIHOTR,ADVANIHOTR
ADVANIHOTR,ADVANIHOTR
ADVENTHTL,ADVENTHTL
ADVENTHTL,ADVENTHTL
ADVENZYMES,ADVENZYMES
ADVENZYMES,ADVENZYMES
ADVIKCA,ADVIKCA
ADVIKLA,ADVIKLA
ADVLIFE,ADVLIFE
ADVPETR_B,ADVPETR_B
AEGISLOG,AEGISLOG
AEGISLOG,AEGISLOG
AEGISVOPAK,AEGISVOPAK
AEGISVOPAK,AEGISVOPAK
AEIM,AEIM
AEL,AEL
AEONXDIGI,AEONXDIGI
AEPL,AEPL
AEQUS,AEQUS
AEQUS,AEQUS
AEROENTER,AEROENTER
AEROENTER,AEROENTER
AEROFLEX,AEROFLEX
AEROFLEX,AEROFLEX
AERON,AERON
AERONEU,AERONEU
AERONEU,AERONEU
AERPACE,AERPACE
AESTHETIK,AESTHETIK
AETHER,AETHER
AETHER,AETHER
AFCOM,AFCOM
AFCONS,AFCONS
AFCONS,AFCONS
AFEL,AFEL
AFFLE,AFFLE
AFFLE,AFFLE
AFFORDABLE,AFFORDABLE
AFFORDABLE,AFFORDABLE
AFIL,AFIL
AFIL,AFIL
AFSL,AFSL
AFSL,AFSL
AGARIND,AGARIND
AGARIND,AGARIND
AGARWAL,AGARWAL
AGARWALEYE,AGARWALEYE
AGARWALEYE,AGARWALEYE
AGARWALFT,AGARWALFT
AGARWALTUF,AGARWALTUF
AGI,AGI
AGI,AGI
AGIIL,AGIIL
AGIIL,AGIIL
AGIOPAPER,AGIOPAPER
AGNI,AGNI
AGOL,AGOL
AGRIBIO,AGRIBIO
AGRITECH,AGRITECH
AGRITECH,AGRITECH
AGROPHOS,AGROPHOS
AGSTRA,AGSTRA
AGSTRA,AGSTRA
AGUL,AGUL
AGVENTURES,AGVENTURES
AHASOLAR,AHASOLAR
AHCL,AHCL
AHCL,AHCL
AHIMSA,AHIMSA
AHLADA,AHLADA
AHLEAST,AHLEAST
AHLEAST,AHLEAST
AHLUCONT,AHLUCONT
AHLUCONT,AHLUCONT
AHMDSTE,AHMDSTE
AIAENG,AIAENG
AIAENG,AIAENG
AICHAMP,AICHAMP
AIHL,AIHL
AIIL,AIIL
AIIL,AIIL
AIKPIPES,AIKPIPES
AILIMITED,AILIMITED
AIMCOPEST,AIMCOPEST
AIML,AIML
AIMTRON,AIMTRON
AIRAN,AIRAN
AIRAN,AIRAN
AIRFLOA,AIRFLOA
AIRLTD,AIRLTD
AIROLAM,AIROLAM
AIRTELPP,AIRTELPP
AIRTELPP.E1,AIRTELPP.E1
AISL,AISL
AJANTPHARM,AJANTPHARM
AJANTPHARM,AJANTPHARM
AJANTSOY,AJANTSOY
AJAXENGG,AJAXENGG
AJAXENGG,AJAXENGG
AJCJEWEL,AJCJEWEL
AJCON,AJCON
AJMERA,AJMERA
AJMERA,AJMERA
AJOONI,AJOONI
AJWAFUN,AJWAFUN
AKANKSHA,AKANKSHA
AKASH,AKASH
AKCAPIT,AKCAPIT
AKG,AKG
AKI,AKI
AKI,AKI
AKIKO,AKIKO
AKSHAR,AKSHAR
AKSHAR,AKSHAR
AKSHARCHEM,AKSHARCHEM
AKSHARCHEM,AKSHARCHEM
AKSHOPTFBR,AKSHOPTFBR
AKSHOPTFBR,AKSHOPTFBR
AKUMS,AKUMS
AKUMS,AKUMS
AKZOINDIA,AKZOINDIA
AKZOINDIA,AKZOINDIA
ALANKIT,ALANKIT
ALANKIT,ALANKIT
ALANSCOTT,ALANSCOTT
ALBERTDAVD,ALBERTDAVD
ALBERTDAVD,ALBERTDAVD
ALCHCORP,ALCHCORP
ALCODIS,ALCODIS
ALEMBICLTD,ALEMBICLTD
ALEMBICLTD,ALEMBICLTD
ALEXANDER,ALEXANDER
ALFAICA,ALFAICA
ALFATRAN,ALFATRAN
ALFAVIO,ALFAVIO
ALFL,ALFL
ALFREDHE,ALFREDHE
ALGOQUANT,ALGOQUANT
ALGOQUANT,ALGOQUANT
ALICON,ALICON
ALICON,ALICON
ALIVUS,ALIVUS
ALIVUS,ALIVUS
ALKALI,ALKALI
ALKALI,ALKALI
ALKEM,ALKEM
ALKEM,ALKEM
ALKOSIGN,ALKOSIGN
ALKYLAMINE,ALKYLAMINE
ALKYLAMINE,ALKYLAMINE
ALLCARGO,ALLCARGO
ALLCARGO,ALLCARGO
ALLDIGI,ALLDIGI
ALLDIGI,ALLDIGI
ALLETEC,ALLETEC
ALLTIME,ALLTIME
ALLTIME,ALLTIME
ALMONDZ,ALMONDZ
ALMONDZ,ALMONDZ
ALOKINDS,ALOKINDS
ALOKINDS,ALOKINDS
ALPA,ALPA
ALPA,ALPA
ALPEXSOLAR,ALPEXSOLAR
ALPHA,ALPHA
ALPHAETF,ALPHAETF
ALPHAETF,ALPHAETF
ALPHAGEO,ALPHAGEO
ALPHAGEO,ALPHAGEO
ALPHAIND,ALPHAIND
ALPHALOGIC,ALPHALOGIC
ALPINEHOU,ALPINEHOU
ALPL30IETF,ALPL30IETF
ALPL30IETF,ALPL30IETF
ALSL,ALSL
ALSTONE,ALSTONE
ALTIUSINVIT,ALTIUSINVIT
ALUFLUOR,ALUFLUOR
ALUWIND,ALUWIND
AMAGI,AMAGI
AMAGI,AMAGI
AMAL,AMAL
AMALGAM,AMALGAM
AMANAYA,AMANAYA
AMANTA,AMANTA
AMANTA,AMANTA
AMARJOTHI,AMARJOTHI
AMARSEC,AMARSEC
AMBALALSA,AMBALALSA
AMBANIORGO,AMBANIORGO
AMBARPIL,AMBARPIL
AMBER,AMBER
AMBER,AMBER
AMBEY,AMBEY
AMBICAAGAR,AMBICAAGAR
AMBICAAGAR,AMBICAAGAR
AMBIKCO,AMBIKCO
AMBIKCO,AMBIKCO
AMBIT,AMBIT
AMBOAGRI,AMBOAGRI
AMBUJACEM,AMBUJACEM
AMBUJACEM,AMBUJACEM
AMCL,AMCL
AMCOIND,AMCOIND
AMDIND,AMDIND
AMDIND,AMDIND
AMEENJI,AMEENJI
AMERISE,AMERISE
AMEYA,AMEYA
AMFORG,AMFORG
AMIABLE,AMIABLE
AMIC,AMIC
AMINTAN,AMINTAN
AMITINT,AMITINT
AMITSEC,AMITSEC
AMJLAND,AMJLAND
AMJLAND,AMJLAND
AMJUMBO,AMJUMBO
AMKAY,AMKAY
AMNPLST,AMNPLST
AMNPLST,AMNPLST
AMPVOLTS,AMPVOLTS
AMRAAGRI,AMRAAGRI
AMRAPLIN,AMRAPLIN
AMRUTANJAN,AMRUTANJAN
AMRUTANJAN,AMRUTANJAN
AMTL,AMTL
AMWILL,AMWILL
ANANDRATHI,ANANDRATHI
ANANDRATHI,ANANDRATHI
ANANTAM,ANANTAM
ANANTRAJ,ANANTRAJ
ANANTRAJ,ANANTRAJ
ANDHRAPAP,ANDHRAPAP
ANDHRAPAP,ANDHRAPAP
ANDHRAPET,ANDHRAPET
ANDHRSUGAR,ANDHRSUGAR
ANDHRSUGAR,ANDHRSUGAR
ANDREWYU,ANDREWYU
ANG,ANG
ANGEL,ANGEL
ANGELONE,ANGELONE
ANGELONE,ANGELONE
ANIKINDS,ANIKINDS
ANIKINDS,ANIKINDS
ANIRIT,ANIRIT
ANIRITPP,ANIRITPP
ANJANI,ANJANI
ANJANIFIN,ANJANIFIN
ANJANIFOODS,ANJANIFOODS
ANKIN,ANKIN
ANKITMETAL,ANKITMETAL
ANKITMETAL,ANKITMETAL
ANLON,ANLON
ANMOL,ANMOL
ANMOL,ANMOL
ANNAINFRA,ANNAINFRA
ANNAPURNA,ANNAPURNA
ANNVRPP,ANNVRPP
ANONDITA,ANONDITA
ANSALAPI,ANSALAPI
ANSALAPI,ANSALAPI
ANSALBU,ANSALBU
ANSALHSG,ANSALHSG
ANSINDUS,ANSINDUS
ANTELOPUS,ANTELOPUS
ANTELOPUS,ANTELOPUS
ANTGRAPHIC,ANTGRAPHIC
ANTHEM,ANTHEM
ANTHEM,ANTHEM
ANUHPHR,ANUHPHR
ANUHPHR,ANUHPHR
ANUP,ANUP
ANUP,ANUP
ANUPAM,ANUPAM
ANURAS,ANURAS
ANURAS,ANURAS
ANUROOP,ANUROOP
ANVRDHI,ANVRDHI
ANYA,ANYA
ANZEN,ANZEN
AONEGOLD,AONEGOLD
AONELIQUID,AONELIQUID
AONENIFTY,AONENIFTY
AONETMMQ50,AONETMMQ50
AONETOTAL,AONETOTAL
APARINDS,APARINDS
APARINDS,APARINDS
APCL,APCL
APCL,APCL
APCOTEXIND,APCOTEXIND
APCOTEXIND,APCOTEXIND
APEX,APEX
APEX,APEX
APEXECO,APEXECO
APIL,APIL
APIS,APIS
APL,APL
APLAB,APLAB
APLABPP,APLABPP
APLAPOLLO,APLAPOLLO
APLAPOLLO,APLAPOLLO
APLLTD,APLLTD
APLLTD,APLLTD
APMIN,APMIN
APOLLO,APOLLO
APOLLO,APOLLO
APOLLOFI,APOLLOFI
APOLLOHOSP,APOLLOHOSP
APOLLOHOSP,APOLLOHOSP
APOLLOPIPE,APOLLOPIPE
APOLLOPIPE,APOLLOPIPE
APOLLOTYRE,APOLLOTYRE
APOLLOTYRE,APOLLOTYRE
APOLSINHOT,APOLSINHOT
APOORVA,APOORVA
APPL,APPL
APRAMEYA,APRAMEYA
APS,APS
APTECHT,APTECHT
APTECHT,APTECHT
APTPACK,APTPACK
APTUS,APTUS
APTUS,APTUS
ARABIAN,ARABIAN
ARAVALIS,ARAVALIS
ARCEEIN,ARCEEIN
ARCFIN,ARCFIN
ARCHIDPLY,ARCHIDPLY
ARCHIDPLY,ARCHIDPLY
ARCHIES,ARCHIES
ARCHIES,ARCHIES
ARCHITORG,ARCHITORG
ARCIIL,ARCIIL
ARCL,ARCL
ARE&M,ARE&M
ARENTERP,ARENTERP
ARENTERP,ARENTERP
AREXMIS,AREXMIS
ARE_M,ARE_M
ARFIN,ARFIN
ARFIN,ARFIN
ARHAM,ARHAM
ARIES,ARIES
ARIES,ARIES
ARIGATO,ARIGATO
ARIHANT,ARIHANT
ARIHANTACA,ARIHANTACA
ARIHANTCAP,ARIHANTCAP
ARIHANTCAP,ARIHANTCAP
ARIHANTSUP,ARIHANTSUP
ARIHANTSUP,ARIHANTSUP
ARISE,ARISE
ARISINFRA,ARISINFRA
ARISINFRA,ARISINFRA
ARISINT,ARISINT
ARISTO,ARISTO
ARITAS,ARITAS
ARKADE,ARKADE
ARKADE,ARKADE
ARL,ARL
ARMAN,ARMAN
ARMANFIN,ARMANFIN
ARMANFIN,ARMANFIN
ARMOUR,ARMOUR
ARNOLD,ARNOLD
AROGRANITE,AROGRANITE
AROGRANITE,AROGRANITE
ARROWGREEN,ARROWGREEN
ARROWGREEN,ARROWGREEN
ARSHIYA,ARSHIYA
ARSHIYA,ARSHIYA
ARSSBL,ARSSBL
ARSSBL,ARSSBL
ARTEFACT,ARTEFACT
ARTEMISMED,ARTEMISMED
ARTEMISMED,ARTEMISMED
ARTNIRMAN,ARTNIRMAN
ARTSON,ARTSON
ARUNAHTEL,ARUNAHTEL
ARUNAYA,ARUNAYA
ARUNIS,ARUNIS
ARVEE,ARVEE
ARVIND,ARVIND
ARVIND,ARVIND
ARVINDFASN,ARVINDFASN
ARVINDFASN,ARVINDFASN
ARVINDPORT,ARVINDPORT
ARVSMART,ARVSMART
ARVSMART,ARVSMART
ARYACAPM,ARYACAPM
ARYAMAN,ARYAMAN
ARYAN,ARYAN
ARYAVAN,ARYAVAN
ASAHIINDIA,ASAHIINDIA
ASAHIINDIA,ASAHIINDIA
ASAHISONG,ASAHISONG
ASAHISONG,ASAHISONG
ASAL,ASAL
ASAL,ASAL
ASALCBR,ASALCBR
ASALCBR,ASALCBR
ASARFI,ASARFI
ASCENSIVE,ASCENSIVE
ASCOM,ASCOM
ASHAI,ASHAI
ASHALOG,ASHALOG
ASHAPURMIN,ASHAPURMIN
ASHAPURMIN,ASHAPURMIN
ASHCAP,ASHCAP
ASHIANA,ASHIANA
ASHIANA,ASHIANA
ASHIKA,ASHIKA
ASHIMASYN,ASHIMASYN
ASHIMASYN,ASHIMASYN
ASHIS,ASHIS
ASHISHPO,ASHISHPO
ASHNI,ASHNI
ASHNOOR,ASHNOOR
ASHOKA,ASHOKA
ASHOKA,ASHOKA
ASHOKAMET,ASHOKAMET
ASHOKAMET,ASHOKAMET
ASHOKLEY,ASHOKLEY
ASHOKLEY,ASHOKLEY
ASHOKRE,ASHOKRE
ASHRAM,ASHRAM
ASHSI,ASHSI
ASHUTPM,ASHUTPM
ASHWINI,ASHWINI
ASIAN,ASIAN
ASIANENE,ASIANENE
ASIANENE,ASIANENE
ASIANHOTNR,ASIANHOTNR
ASIANHOTNR,ASIANHOTNR
ASIANPAINT,ASIANPAINT
ASIANPAINT,ASIANPAINT
ASIANTILES,ASIANTILES
ASIANTILES,ASIANTILES
ASIANTNE,ASIANTNE
ASIAPAK,ASIAPAK
ASIIL,ASIIL
ASINPET,ASINPET
ASITCFIN,ASITCFIN
ASKAUTOLTD,ASKAUTOLTD
ASKAUTOLTD,ASKAUTOLTD
ASMS,ASMS
ASMS,ASMS
ASMTEC,ASMTEC
ASPINWALL,ASPINWALL
ASPIRA,ASPIRA
ASPIRE,ASPIRE
ASRL,ASRL
ASSAMENT,ASSAMENT
ASSOCER,ASSOCER
ASSOCIATED,ASSOCIATED
ASTALLTD,ASTALLTD
ASTAR,ASTAR
ASTEC,ASTEC
ASTEC,ASTEC
ASTERDM,ASTERDM
ASTERDM,ASTERDM
ASTONEALAB,ASTONEALAB
ASTRAL,ASTRAL
ASTRAL,ASTRAL
ASTRAMICRO,ASTRAMICRO
ASTRAMICRO,ASTRAMICRO
ASTRAZEN,ASTRAZEN
ASTRAZEN,ASTRAZEN
ASTRON,ASTRON
ASTRON,ASTRON
ASTRONMULT,ASTRONMULT
ASYL,ASYL
ATALREAL,ATALREAL
ATALREAL,ATALREAL
ATAM,ATAM
ATAM,ATAM
ATCENERGY,ATCENERGY
ATENPAPERS,ATENPAPERS
ATGL,ATGL
ATGL,ATGL
ATHARVENT,ATHARVENT
ATHCON,ATHCON
ATHENAGLO,ATHENAGLO
ATHERENERG,ATHERENERG
ATHERENERG,ATHERENERG
ATIL,ATIL
ATISHAY,ATISHAY
ATL,ATL
ATL,ATL
ATLANTAA,ATLANTAA
ATLANTAA,ATLANTAA
ATLANTAELE,ATLANTAELE
ATLANTAELE,ATLANTAELE
ATLASCYCLE,ATLASCYCLE
ATLASCYCLE,ATLASCYCLE
ATLPP,ATLPP
ATLPP.E1,ATLPP.E1
ATMASTCO,ATMASTCO
ATUL,ATUL
ATUL,ATUL
ATULAUTO,ATULAUTO
ATULAUTO,ATULAUTO
ATVOENT,ATVOENT
ATVPR,ATVPR
AUBANK,AUBANK
AUBANK,AUBANK
AURIGROW,AURIGROW
AURIONPRO,AURIONPRO
AURIONPRO,AURIONPRO
AUROIMPEX,AUROIMPEX
AUROLAB,AUROLAB
AUROPHARMA,AUROPHARMA
AUROPHARMA,AUROPHARMA
AURUM,AURUM
AURUM,AURUM
AUSL,AUSL
AUSOMENT,AUSOMENT
AUSOMENT,AUSOMENT
AUSTENG,AUSTENG
AUSTERE,AUSTERE
AUTOAXLES,AUTOAXLES
AUTOAXLES,AUTOAXLES
AUTOBEES,AUTOBEES
AUTOIETF,AUTOIETF
AUTOIETF,AUTOIETF
AUTOIND,AUTOIND
AUTOIND,AUTOIND
AUTOINT,AUTOINT
AUTOPINS,AUTOPINS
AVADHSUGAR,AVADHSUGAR
AVADHSUGAR,AVADHSUGAR
AVAILFC,AVAILFC
AVALON,AVALON
AVALON,AVALON
AVANA,AVANA
AVANCE,AVANCE
AVANTEL,AVANTEL
AVANTEL,AVANTEL
AVANTIFEED,AVANTIFEED
AVANTIFEED,AVANTIFEED
AVASARA,AVASARA
AVAX,AVAX
AVEER,AVEER
AVG,AVG
AVG,AVG
AVI,AVI
AVIANSH,AVIANSH
AVIVA,AVIVA
AVL,AVL
AVL,AVL
AVONMORE,AVONMORE
AVONMORE,AVONMORE
AVPINFRA,AVPINFRA
AVROIND,AVROIND
AVROIND,AVROIND
AVSL,AVSL
AVTNPL,AVTNPL
AVTNPL,AVTNPL
AWFIS,AWFIS
AWFIS,AWFIS
AWHCL,AWHCL
AWHCL,AWHCL
AWL,AWL
AWL,AWL
AXELPOLY,AXELPOLY
AXENTRA,AXENTRA
AXISBANK,AXISBANK
AXISBANK,AXISBANK
AXISBNKETF,AXISBNKETF
AXISBPSETF,AXISBPSETF
AXISCADES,AXISCADES
AXISCADES,AXISCADES
AXISCETF,AXISCETF
AXISCETF,AXISCETF
AXISGOLD,AXISGOLD
AXISGOLD,AXISGOLD
AXISHCETF,AXISHCETF
AXISHCETF,AXISHCETF
AXISILVER,AXISILVER
AXISNIFTY,AXISNIFTY
AXISOL,AXISOL
AXISTECETF,AXISTECETF
AXISTECETF,AXISTECETF
AXISVALUE,AXISVALUE
AXISVALUE,AXISVALUE
AXITA,AXITA
AXITA,AXITA
AXSENSEX,AXSENSEX
AXSENSEX,AXSENSEX
AXTEL,AXTEL
AYMSYNTEX,AYMSYNTEX
AYMSYNTEX,AYMSYNTEX
AZAD,AZAD
AZAD,AZAD
AZADIND,AZADIND
AZTEC,AZTEC
B2BSOFT,B2BSOFT
BABA,BABA
BABAFP,BABAFP
BACPHAR,BACPHAR
BAFNAPH,BAFNAPH
BAFNAPH,BAFNAPH
BAGDIGITAL,BAGDIGITAL
BAGFILMS,BAGFILMS
BAGFILMS,BAGFILMS
BAHETI,BAHETI
BAIDFIN,BAIDFIN
BAIDFIN,BAIDFIN
BAIKAKAJI,BAIKAKAJI
BAJAJCON,BAJAJCON
BAJAJCON,BAJAJCON
BAJAJELEC,BAJAJELEC
BAJAJELEC,BAJAJELEC
BAJAJFINSV,BAJAJFINSV
BAJAJFINSV,BAJAJFINSV
BAJAJHCARE,BAJAJHCARE
BAJAJHCARE,BAJAJHCARE
BAJAJHFL,BAJAJHFL
BAJAJHFL,BAJAJHFL
BAJAJHIND,BAJAJHIND
BAJAJHIND,BAJAJHIND
BAJAJHLDNG,BAJAJHLDNG
BAJAJHLDNG,BAJAJHLDNG
BAJAJINDEF,BAJAJINDEF
BAJAJINDEF,BAJAJINDEF
BAJAJST,BAJAJST
BAJAJ_AUTO,BAJAJ_AUTO
BAJAJ_AUTO,BAJAJ_AUTO
BAJEL,BAJEL
BAJEL,BAJEL
BAJFINANCE,BAJFINANCE
BAJFINANCE,BAJFINANCE
BALAJEE,BALAJEE
BALAJEE,BALAJEE
BALAJIPHOS,BALAJIPHOS
BALAJITELE,BALAJITELE
BALAJITELE,BALAJITELE
BALAMINES,BALAMINES
BALAMINES,BALAMINES
BALAXI,BALAXI
BALCO,BALCO
BALGOPAL,BALGOPAL
BALKRISHNA,BALKRISHNA
BALKRISHNA,BALKRISHNA
BALKRISIND,BALKRISIND
BALKRISIND,BALKRISIND
BALMLAWRIE,BALMLAWRIE
BALMLAWRIE,BALMLAWRIE
BALPHARMA,BALPHARMA
BALPHARMA,BALPHARMA
BALRAMCHIN,BALRAMCHIN
BALRAMCHIN,BALRAMCHIN
BALTE,BALTE
BALUFORGE,BALUFORGE
BALUFORGE,BALUFORGE
BAMBINO,BAMBINO
BAMPSL,BAMPSL
BANARBEADS,BANARBEADS
BANARBEADS,BANARBEADS
BANARISUG,BANARISUG
BANARISUG,BANARISUG
BANASFN,BANASFN
BANCOINDIA,BANCOINDIA
BANCOINDIA,BANCOINDIA
BANDARAM,BANDARAM
BANDHANBNK,BANDHANBNK
BANDHANBNK,BANDHANBNK
BANG,BANG
BANG,BANG
BANGANGA,BANGANGA
BANKA,BANKA
BANKADD,BANKADD
BANKADD,BANKADD
BANKBARODA,BANKBARODA
BANKBARODA,BANKBARODA
BANKBEES,BANKBEES
BANKBEES,BANKBEES
BANKBETA,BANKBETA
BANKBETA,BANKBETA
BANKBETF,BANKBETF
BANKBETF,BANKBETF
BANKETF,BANKETF
BANKETF,BANKETF
BANKIETF,BANKIETF
BANKIETF,BANKIETF
BANKINDIA,BANKINDIA
BANKINDIA,BANKINDIA
BANKNIFTY1,BANKNIFTY1
BANKNIFTY1,BANKNIFTY1
BANKPSU,BANKPSU
BANKPSU,BANKPSU
BANSALWIRE,BANSALWIRE
BANSALWIRE,BANSALWIRE
BANSTEA,BANSTEA
BANSWRAS,BANSWRAS
BANSWRAS,BANSWRAS
BAPACK,BAPACK
BARFLEX,BARFLEX
BARODARY,BARODARY
BAROEXT,BAROEXT
BARONINF,BARONINF
BASANTGL,BASANTGL
BASF,BASF
BASF,BASF
BASILIC,BASILIC
BASML,BASML
BASML,BASML
BATAINDIA,BATAINDIA
BATAINDIA,BATAINDIA
BATLIBOI,BATLIBOI
BAWEJA,BAWEJA
BAYERCROP,BAYERCROP
BAYERCROP,BAYERCROP
BAZELINTER,BAZELINTER
BBETF0432,BBETF0432
BBETF0432,BBETF0432
BBL,BBL
BBL,BBL
BBNPNBETF,BBNPNBETF
BBNPNBETF,BBNPNBETF
BBNPPGOLD,BBNPPGOLD
BBNPPGOLD,BBNPPGOLD
BBOX,BBOX
BBOX,BBOX
BBTC,BBTC
BBTC,BBTC
BBTCL,BBTCL
BBTCL,BBTCL
BCCFUBA,BCCFUBA
BCCL,BCCL
BCG,BCG
BCG,BCG
BCLENTERPR,BCLENTERPR
BCLIND,BCLIND
BCLIND,BCLIND
BCONCEPTS,BCONCEPTS
BCONCEPTS,BCONCEPTS
BCP,BCP
BCPL,BCPL
BDH,BDH
BDI,BDI
BDL,BDL
BDL,BDL
BEACON,BEACON
BEARDSELL,BEARDSELL
BECTORFOOD,BECTORFOOD
BECTORFOOD,BECTORFOOD
BEDMUTHA,BEDMUTHA
BEDMUTHA,BEDMUTHA
BEEKAY,BEEKAY
BEEYU,BEEYU
BEEZAASAN,BEEZAASAN
BEFOUNDMOL,BEFOUNDMOL
BEL,BEL
BEL,BEL
BELLACASA,BELLACASA
BELLACASA,BELLACASA
BELRISE,BELRISE
BELRISE,BELRISE
BEMHY,BEMHY
BEML,BEML
BEML,BEML
BENARA,BENARA
BENARAS,BENARAS
BENCHMARK,BENCHMARK
BENGALASM,BENGALASM
BENGALT,BENGALT
BEPL,BEPL
BEPL,BEPL
BERGEPAINT,BERGEPAINT
BERGEPAINT,BERGEPAINT
BERLDRG,BERLDRG
BERVINL,BERVINL
BERYLSE,BERYLSE
BESTAGRO,BESTAGRO
BESTAGRO,BESTAGRO
BESTEAST,BESTEAST
BETA,BETA
BETXIND,BETXIND
BEWLTD,BEWLTD
BFINVEST,BFINVEST
BFINVEST,BFINVEST
BFLAFL,BFLAFL
BFSI,BFSI
BFSI,BFSI
BFUTILITIE,BFUTILITIE
BFUTILITIE,BFUTILITIE
BGDL,BGDL
BGIL,BGIL
BGJL,BGJL
BGLOBAL,BGLOBAL
BGLOBAL,BGLOBAL
BGRENERGY,BGRENERGY
BGRENERGY,BGRENERGY
BGWTATO,BGWTATO
BHADORA,BHADORA
BHAGCHEM,BHAGCHEM
BHAGCHEM,BHAGCHEM
BHAGERIA,BHAGERIA
BHAGERIA,BHAGERIA
BHAGWOX,BHAGWOX
BHAGYANGR,BHAGYANGR
BHAGYANGR,BHAGYANGR
BHANDARI,BHANDARI
BHANDARI,BHANDARI
BHARAT,BHARAT
BHARATAGRI,BHARATAGRI
BHARATCOAL,BHARATCOAL
BHARATCOAL,BHARATCOAL
BHARATFORG,BHARATFORG
BHARATFORG,BHARATFORG
BHARATGEAR,BHARATGEAR
BHARATGEAR,BHARATGEAR
BHARATRAS,BHARATRAS
BHARATRAS,BHARATRAS
BHARATROHAN,BHARATROHAN
BHARATSE,BHARATSE
BHARATSE,BHARATSE
BHARATWIRE,BHARATWIRE
BHARATWIRE,BHARATWIRE
BHARTIARTL,BHARTIARTL
BHARTIARTL,BHARTIARTL
BHARTIHEXA,BHARTIHEXA
BHARTIHEXA,BHARTIHEXA
BHASKAGR,BHASKAGR
BHATEXT,BHATEXT
BHATIA,BHATIA
BHAVIK,BHAVIK
BHEL,BHEL
BHEL,BHEL
BHILSPIN,BHILSPIN
BHUDEVI,BHUDEVI
BI,BI
BIBCL,BIBCL
BIGBLOC,BIGBLOC
BIGBLOC,BIGBLOC
BIHSPONG,BIHSPONG
BIKAJI,BIKAJI
BIKAJI,BIKAJI
BIKEWO,BIKEWO
BIL,BIL
BIL,BIL
BILLWIN,BILLWIN
BILVYAPAR,BILVYAPAR
BILVYAPAR,BILVYAPAR
BIMETAL,BIMETAL
BINNYMILLS,BINNYMILLS
BIOCON,BIOCON
BIOCON,BIOCON
BIOFILCHEM,BIOFILCHEM
BIOFILCHEM,BIOFILCHEM
BIOGEN,BIOGEN
BIRDYS,BIRDYS
BIRET,BIRET
BIRET.RR,BIRET.RR
BIRLACABLE,BIRLACABLE
BIRLACABLE,BIRLACABLE
BIRLACORPN,BIRLACORPN
BIRLACORPN,BIRLACORPN
BIRLAMONEY,BIRLAMONEY
BIRLAMONEY,BIRLAMONEY
BIRLANU,BIRLANU
BIRLANU,BIRLANU
BIRLAPREC,BIRLAPREC
BITS,BITS
BIZOTIC,BIZOTIC
BJDUP,BJDUP
BKV,BKV
BLACKBUCK,BLACKBUCK
BLACKBUCK,BLACKBUCK
BLACKROSE,BLACKROSE
BLAL,BLAL
BLAL,BLAL
BLBLIMITED,BLBLIMITED
BLBLIMITED,BLBLIMITED
BLIL,BLIL
BLISSGVS,BLISSGVS
BLISSGVS,BLISSGVS
BLKASHYAP,BLKASHYAP
BLKASHYAP,BLKASHYAP
BLOIN,BLOIN
BLOOM,BLOOM
BLS,BLS
BLS,BLS
BLSE,BLSE
BLSE,BLSE
BLT,BLT
BLUECHIP,BLUECHIP
BLUECHIP,BLUECHIP
BLUECHIPT,BLUECHIPT
BLUECLOUDS,BLUECLOUDS
BLUECOAST,BLUECOAST
BLUECOAST,BLUECOAST
BLUEDART,BLUEDART
BLUEDART,BLUEDART
BLUEGOD,BLUEGOD
BLUEJET,BLUEJET
BLUEJET,BLUEJET
BLUEPEBBLE,BLUEPEBBLE
BLUESTARCO,BLUESTARCO
BLUESTARCO,BLUESTARCO
BLUESTONE,BLUESTONE
BLUESTONE,BLUESTONE
BLUEWATER,BLUEWATER
BLUSPRING,BLUSPRING
BLUSPRING,BLUSPRING
BMETRICS,BMETRICS
BMW,BMW
BMWVENTLTD,BMWVENTLTD
BMWVENTLTD,BMWVENTLTD
BNAGROCHEM,BNAGROCHEM
BNALTD,BNALTD
BNRSEC,BNRSEC
BNRUDY,BNRUDY
BODALCHEM,BODALCHEM
BODALCHEM,BODALCHEM
BODHTREE,BODHTREE
BOHRAIND,BOHRAIND
BOMBCYC,BOMBCYC
BOMBWIR,BOMBWIR
BOMDYEING,BOMDYEING
BOMDYEING,BOMDYEING
BOMOXY_B1,BOMOXY_B1
BOMTALKIES,BOMTALKIES
BONDADA,BONDADA
BONLON,BONLON
BORANA,BORANA
BORANA,BORANA
BOROLTD,BOROLTD
BOROLTD,BOROLTD
BORORENEW,BORORENEW
BORORENEW,BORORENEW
BOROSCI,BOROSCI
BOROSCI,BOROSCI
BOSCHLTD,BOSCHLTD
BOSCHLTD,BOSCHLTD
BOSCH_HCIL,BOSCH_HCIL
BOSCH_HCIL,BOSCH_HCIL
BOSS,BOSS
BOSTONBIO,BOSTONBIO
BPAGRI,BPAGRI
BPCAP,BPCAP
BPCL,BPCL
BPCL,BPCL
BPL,BPL
BPL,BPL
BPLPHARMA,BPLPHARMA
BRACEPORT,BRACEPORT
BRADYM,BRADYM
BRAHMINFRA,BRAHMINFRA
BRAWN,BRAWN
BRGIL,BRGIL
BRIDGESE,BRIDGESE
BRIGADE,BRIGADE
BRIGADE,BRIGADE
BRIGHOTEL,BRIGHOTEL
BRIGHOTEL,BRIGHOTEL
BRIGHT,BRIGHT
BRIGHTBR,BRIGHTBR
BRIJLEAS,BRIJLEAS
BRIPORT,BRIPORT
BRISK,BRISK
BRITANNIA,BRITANNIA
BRITANNIA,BRITANNIA
BRNL,BRNL
BRNL,BRNL
BROACH,BROACH
BROOKS,BROOKS
BROOKS,BROOKS
BRPL,BRPL
BRRL,BRRL
BSE,BSE
BSE500IETF,BSE500IETF
BSE500IETF,BSE500IETF
BSELALGO,BSELALGO
BSHSL,BSHSL
BSL,BSL
BSL,BSL
BSLGOLDETF,BSLGOLDETF
BSLGOLDETF,BSLGOLDETF
BSLNIFTY,BSLNIFTY
BSLNIFTY,BSLNIFTY
BSLSENETFG,BSLSENETFG
BSLSENETFG,BSLSENETFG
BSOFT,BSOFT
BSOFT,BSOFT
BTML,BTML
BTML,BTML
BTTL,BTTL
BUILDPRO,BUILDPRO
BUILDPRO,BUILDPRO
BULKCORP,BULKCORP
BUTTERFLY,BUTTERFLY
BUTTERFLY,BUTTERFLY
BVCL,BVCL
BVCL,BVCL
BYKE,BYKE
BYKE,BYKE
C2C,C2C
CADSYS,CADSYS
CALCOM,CALCOM
CALSOFT,CALSOFT
CALSOFT,CALSOFT
CALSOFTPP,CALSOFTPP
CALSOFTPP.E1,CALSOFTPP.E1
CAMEXLTD,CAMEXLTD
CAMLINFINE,CAMLINFINE
CAMLINFINE,CAMLINFINE
CAMPUS,CAMPUS
CAMPUS,CAMPUS
CAMS,CAMS
CAMS,CAMS
CANARYS,CANARYS
CANBK,CANBK
CANBK,CANBK
CANDOUR,CANDOUR
CANFINHOME,CANFINHOME
CANFINHOME,CANFINHOME
CANHLIFE,CANHLIFE
CANHLIFE,CANHLIFE
CANTABIL,CANTABIL
CANTABIL,CANTABIL
CAPACITE,CAPACITE
CAPACITE,CAPACITE
CAPFIN,CAPFIN
CAPILLARY,CAPILLARY
CAPILLARY,CAPILLARY
CAPINVIT,CAPINVIT
CAPITALSFB,CAPITALSFB
CAPITALSFB,CAPITALSFB
CAPLIPOINT,CAPLIPOINT
CAPLIPOINT,CAPLIPOINT
CAPPIPES,CAPPIPES
CAPRICORN,CAPRICORN
CAPRIHANS,CAPRIHANS
CAPRO,CAPRO
CAPTRUST,CAPTRUST
CAPTRUST,CAPTRUST
CARBORUNIV,CARBORUNIV
CARBORUNIV,CARBORUNIV
CARERATING,CARERATING
CARERATING,CARERATING
CARGOTRANS,CARGOTRANS
CARNATIN,CARNATIN
CARRARO,CARRARO
CARRARO,CARRARO
CARTRADE,CARTRADE
CARTRADE,CARTRADE
CARYSIL,CARYSIL
CARYSIL,CARYSIL
CASHIETF,CASHIETF
CASHIETF,CASHIETF
CASPIAN,CASPIAN
CASTROLIND,CASTROLIND
CASTROLIND,CASTROLIND
CATVISION,CATVISION
CBAZAAR,CBAZAAR
CBPL,CBPL
CCCL,CCCL
CCCL,CCCL
CCHHL,CCHHL
CCHHL,CCHHL
CCL,CCL
CCL,CCL
CCLINTER,CCLINTER
CDG,CDG
CDSL,CDSL
CEATLTD,CEATLTD
CEATLTD,CEATLTD
CEDAAR,CEDAAR
CEEJAY,CEEJAY
CEENIK,CEENIK
CEETAIN,CEETAIN
CEIGALL,CEIGALL
CEIGALL,CEIGALL
CEINSYSTECH,CEINSYSTECH
CELEBRITY,CELEBRITY
CELEBRITY,CELEBRITY
CELLA,CELLA
CELLECOR,CELLECOR
CELLO,CELLO
CELLO,CELLO
CELLPOINT,CELLPOINT
CEMAINFRA,CEMAINFRA
CEMPRO,CEMPRO
CEMPRO,CEMPRO
CENLUB,CENLUB
CENTENKA,CENTENKA
CENTENKA,CENTENKA
CENTEXT,CENTEXT
CENTEXT,CENTEXT
CENTRALBK,CENTRALBK
CENTRALBK,CENTRALBK
CENTRUM,CENTRUM
CENTRUM,CENTRUM
CENTUM,CENTUM
CENTUM,CENTUM
CENTURYPLY,CENTURYPLY
CENTURYPLY,CENTURYPLY
CERA,CERA
CERA,CERA
CEREBRAINT,CEREBRAINT
CEREBRAINT,CEREBRAINT
CESC,CESC
CESC,CESC
CEWATER,CEWATER
CEWATER,CEWATER
CFEL,CFEL
CFF,CFF
CFL,CFL
CGCL,CGCL
CGCL,CGCL
CGFL,CGFL
CGPOWER,CGPOWER
CGPOWER,CGPOWER
CGRAPHICS,CGRAPHICS
CGVAK,CGVAK
CHALET,CHALET
CHALET,CHALET
CHALLANI,CHALLANI
CHAMBLFERT,CHAMBLFERT
CHAMBLFERT,CHAMBLFERT
CHAMUNDA,CHAMUNDA
CHANDAN,CHANDAN
CHANDNIMACH,CHANDNIMACH
CHANDRAP,CHANDRAP
CHANDRIMA,CHANDRIMA
CHARMS,CHARMS
CHATHA,CHATHA
CHAVDA,CHAVDA
CHDCHEM,CHDCHEM
CHECKPOINT,CHECKPOINT
CHEMBOND,CHEMBOND
CHEMBOND,CHEMBOND
CHEMBONDCH,CHEMBONDCH
CHEMBONDCH,CHEMBONDCH
CHEMCON,CHEMCON
CHEMCON,CHEMCON
CHEMCRUX,CHEMCRUX
CHEMFAB,CHEMFAB
CHEMFAB,CHEMFAB
CHEMICAL,CHEMICAL
CHEMKART,CHEMKART
CHEMPLASTS,CHEMPLASTS
CHEMPLASTS,CHEMPLASTS
CHEMTECH,CHEMTECH
CHENFERRO,CHENFERRO
CHENNPETRO,CHENNPETRO
CHENNPETRO,CHENNPETRO
CHETANA,CHETANA
CHEVIOT,CHEVIOT
CHEVIOT,CHEVIOT
CHIRAHARIT,CHIRAHARIT
CHLLTD,CHLLTD
CHLOGIST,CHLOGIST
CHMBBRW,CHMBBRW
CHOICEGOLD,CHOICEGOLD
CHOICEGOLD,CHOICEGOLD
CHOICEIN,CHOICEIN
CHOICEIN,CHOICEIN
CHOKSI,CHOKSI
CHOKSILA,CHOKSILA
CHOLAFIN,CHOLAFIN
CHOLAFIN,CHOLAFIN
CHOLAHLDNG,CHOLAHLDNG
CHOLAHLDNG,CHOLAHLDNG
CHORDIA,CHORDIA
CHOTHANI,CHOTHANI
CHOWGULSTM,CHOWGULSTM
CHPLIND,CHPLIND
CHROME,CHROME
CHRTEDCA,CHRTEDCA
CHTR,CHTR
CIANAGRO,CIANAGRO
CIEINDIA,CIEINDIA
CIEINDIA,CIEINDIA
CIFL,CIFL
CIFL,CIFL
CIGNITITEC,CIGNITITEC
CIGNITITEC,CIGNITITEC
CIL,CIL
CILSEC,CILSEC
CINDHO,CINDHO
CINDRELL,CINDRELL
CINELINE,CINELINE
CINELINE,CINELINE
CINEVISTA,CINEVISTA
CINEVISTA,CINEVISTA
CIPLA,CIPLA
CIPLA,CIPLA
CISTRO,CISTRO
CITADEL,CITADEL
CITICHEM,CITICHEM
CITIPOR,CITIPOR
CITL,CITL
CITYMAN,CITYMAN
CITYONLINE,CITYONLINE
CITYSQUARE,CITYSQUARE
CJGEL,CJGEL
CLARA,CLARA
CLASSICEIL,CLASSICEIL
CLEAN,CLEAN
CLEAN,CLEAN
CLEDUCATE,CLEDUCATE
CLEDUCATE,CLEDUCATE
CLENON,CLENON
CLFL,CLFL
CLIOINFO,CLIOINFO
CLN,CLN
CLSEL,CLSEL
CLSEL,CLSEL
CLSL,CLSL
CMBL,CMBL
CMICABLES,CMICABLES
CMICABLES,CMICABLES
CMMHOSP,CMMHOSP
CMNL,CMNL
CMRSL,CMRSL
CMSINFO,CMSINFO
CMSINFO,CMSINFO
CMXLTD,CMXLTD
CNCRD,CNCRD
CNINFOTECH,CNINFOTECH
CNL,CNL
CNL,CNL
COALINDIA,COALINDIA
COALINDIA,COALINDIA
COARO,COARO
COASTCORP,COASTCORP
COASTCORP,COASTCORP
COCHINM,COCHINM
COCHINSHIP,COCHINSHIP
COCHINSHIP,COCHINSHIP
COCHMAL,COCHMAL
COCKERILL,COCKERILL
COFFEEDAY,COFFEEDAY
COFFEEDAY,COFFEEDAY
COFORGE,COFORGE
COFORGE,COFORGE
COHANCE,COHANCE
COHANCE,COHANCE
COLAB,COLAB
COLINZ,COLINZ
COLORCHIPS,COLORCHIPS
COLPAL,COLPAL
COLPAL,COLPAL
COMCL,COMCL
COMFINCAP,COMFINCAP
COMFINTE,COMFINTE
COMMITTED,COMMITTED
COMMOIETF,COMMOIETF
COMMOIETF,COMMOIETF
COMPEAU,COMPEAU
COMPINFO,COMPINFO
COMPINFO,COMPINFO
COMPUPN,COMPUPN
COMPUSOFT,COMPUSOFT
COMPUSOFT,COMPUSOFT
COMRADE,COMRADE
COMSYN,COMSYN
COMSYN,COMSYN
CONART,CONART
CONCOR,CONCOR
CONCOR,CONCOR
CONCORD,CONCORD
CONCORDBIO,CONCORDBIO
CONCORDBIO,CONCORDBIO
CONFIPET,CONFIPET
CONFIPET,CONFIPET
CONNPLEX,CONNPLEX
CONS,CONS
CONSOFINVT,CONSOFINVT
CONSTRONIC,CONSTRONIC
CONSUMBEES,CONSUMBEES
CONSUMER,CONSUMER
CONSUMER,CONSUMER
CONSUMIETF,CONSUMIETF
CONSUMIETF,CONSUMIETF
CONTAINE,CONTAINE
CONTAINER,CONTAINER
CONTCHM,CONTCHM
CONTI,CONTI
CONTICON,CONTICON
CONTILI,CONTILI
CONTPTR,CONTPTR
CONTROLPR,CONTROLPR
CONTROLPR,CONTROLPR
COOLCAPS,COOLCAPS
CORALAB,CORALAB
CORALFINAC,CORALFINAC
CORALFINAC,CORALFINAC
CORDSCABLE,CORDSCABLE
CORDSCABLE,CORDSCABLE
CORNE,CORNE
COROENGG,COROENGG
COROMANDEL,COROMANDEL
COROMANDEL,COROMANDEL
CORONA,CORONA
CORONA,CORONA
COSCO,COSCO
COSMICCRF,COSMICCRF
COSMOFE,COSMOFE
COSMOFIRST,COSMOFIRST
COSMOFIRST,COSMOFIRST
COSPOWER,COSPOWER
COSYN,COSYN
COTFAB,COTFAB
COUNCODOS,COUNCODOS
COUNCODOS,COUNCODOS
COVANCE,COVANCE
COVIDH,COVIDH
CPCAP,CPCAP
CPCAP,CPCAP
CPEDU,CPEDU
CPEDU,CPEDU
CPL,CPL
CPML,CPML
CPPLUS,CPPLUS
CPPLUS,CPPLUS
CPS,CPS
CPSEETF,CPSEETF
CPSEETF,CPSEETF
CRAFTSMAN,CRAFTSMAN
CRAFTSMAN,CRAFTSMAN
CRAMC,CRAMC
CRAMC,CRAMC
CRANEINFRA,CRANEINFRA
CRANESSOFT,CRANESSOFT
CRANEX,CRANEX
CRAVATEX,CRAVATEX
CRAYONS,CRAYONS
CREATIVE,CREATIVE
CREATIVEYE,CREATIVEYE
CREATIVEYE,CREATIVEYE
CREDITACC,CREDITACC
CREDITACC,CREDITACC
CRESANTO,CRESANTO
CREST,CREST
CREST,CREST
CRIMSON,CRIMSON
CRISIL,CRISIL
CRISIL,CRISIL
CRIZAC,CRIZAC
CRIZAC,CRIZAC
CROISSANCE,CROISSANCE
CROMPTON,CROMPTON
CROMPTON,CROMPTON
CROPSTER,CROPSTER
CROWN,CROWN
CRSL,CRSL
CRSTCHM,CRSTCHM
CRYOGENIC,CRYOGENIC
CRYSTAL,CRYSTAL
CSBBANK,CSBBANK
CSBBANK,CSBBANK
CSL,CSL
CSLFINANCE,CSLFINANCE
CSLFINANCE,CSLFINANCE
CSSL,CSSL
CSURGSU,CSURGSU
CTCL,CTCL
CTE,CTE
CTE,CTE
CTL,CTL
CTLLAB,CTLLAB
CUB,CUB
CUB,CUB
CUBEXTUB,CUBEXTUB
CUBEXTUB,CUBEXTUB
CUBIFIN,CUBIFIN
CUDML,CUDML
CUMMINSIND,CUMMINSIND
CUMMINSIND,CUMMINSIND
CUPID,CUPID
CUPID,CUPID
CUPIDALBV,CUPIDALBV
CURAA,CURAA
CURAA,CURAA
CURIS,CURIS
CURRENT,CURRENT
CWD,CWD
CYBELEIND,CYBELEIND
CYBERMEDIA,CYBERMEDIA
CYBERMEDIA,CYBERMEDIA
CYBERPP,CYBERPP
CYBERPP.E1,CYBERPP.E1
CYBERTECH,CYBERTECH
CYBERTECH,CYBERTECH
CYIENT,CYIENT
CYIENT,CYIENT
CYIENTDLM,CYIENTDLM
CYIENTDLM,CYIENTDLM
DABUR,DABUR
DABUR,DABUR
DACHEPALLI,DACHEPALLI
DAICHI,DAICHI
DAIKAFFI,DAIKAFFI
DALBHARAT,DALBHARAT
DALBHARAT,DALBHARAT
DALMIASUG,DALMIASUG
DALMIASUG,DALMIASUG
DAMCAPITAL,DAMCAPITAL
DAMCAPITAL,DAMCAPITAL
DAMODARIND,DAMODARIND
DAMODARIND,DAMODARIND
DANGEE,DANGEE
DANISH,DANISH
DANLAW,DANLAW
DANUBE,DANUBE
DAPS,DAPS
DARJEELING,DARJEELING
DARSHANORNA,DARSHANORNA
DATAMATICS,DATAMATICS
DATAMATICS,DATAMATICS
DATAPATTNS,DATAPATTNS
DATAPATTNS,DATAPATTNS
DAULAT,DAULAT
DAVANGERE,DAVANGERE
DAVANGERE,DAVANGERE
DAVIN,DAVIN
DBCORP,DBCORP
DBCORP,DBCORP
DBEIL,DBEIL
DBEIL,DBEIL
DBL,DBL
DBL,DBL
DBOL,DBOL
DBOL,DBOL
DBREALTY,DBREALTY
DBREALTY,DBREALTY
DBSTOCKBRO,DBSTOCKBRO
DBSTOCKBRO,DBSTOCKBRO
DCAL,DCAL
DCAL,DCAL
DCBBANK,DCBBANK
DCBBANK,DCBBANK
DCCL,DCCL
DCG,DCG
DCI,DCI
DCI,DCI
DCM,DCM
DCM,DCM
DCMFINSERV,DCMFINSERV
DCMFINSERV,DCMFINSERV
DCMNVL,DCMNVL
DCMNVL,DCMNVL
DCMSHRIRAM,DCMSHRIRAM
DCMSHRIRAM,DCMSHRIRAM
DCMSRIND,DCMSRIND
DCMSRIND,DCMSRIND
DCW,DCW
DCW,DCW
DCXINDIA,DCXINDIA
DCXINDIA,DCXINDIA
DDEVPLSTIK,DDEVPLSTIK
DDEVPLSTIK,DDEVPLSTIK
DDIL,DDIL
DECANBRG,DECANBRG
DECCAN,DECCAN
DECCANCE,DECCANCE
DECCANCE,DECCANCE
DECCANTRAN,DECCANTRAN
DECIPHER,DECIPHER
DECNGOLD,DECNGOLD
DECOMIC,DECOMIC
DECPO,DECPO
DEEDEV,DEEDEV
DEEDEV,DEEDEV
DEEM,DEEM
DEEP,DEEP
DEEPAKCHEM,DEEPAKCHEM
DEEPAKFERT,DEEPAKFERT
DEEPAKFERT,DEEPAKFERT
DEEPAKNTR,DEEPAKNTR
DEEPAKNTR,DEEPAKNTR
DEEPAKSP,DEEPAKSP
DEEPINDS,DEEPINDS
DEEPINDS,DEEPINDS
DEFRAIL,DEFRAIL
DEL,DEL
DELAPLEX,DELAPLEX
DELHIVERY,DELHIVERY
DELHIVERY,DELHIVERY
DELPHIFX,DELPHIFX
DELPHIFX,DELPHIFX
DELTA,DELTA
DELTACORP,DELTACORP
DELTACORP,DELTACORP
DELTAMAGNT,DELTAMAGNT
DELTAMAGNT,DELTAMAGNT
DELTIC,DELTIC
DEN,DEN
DEN,DEN
DENEERS,DENEERS
DENISCHEM,DENISCHEM
DENORA,DENORA
DENORA,DENORA
DENTA,DENTA
DENTA,DENTA
DENTALKART,DENTALKART
DESCO,DESCO
DESHRAK,DESHRAK
DESTINY,DESTINY
DEVINE,DEVINE
DEVIT,DEVIT
DEVIT,DEVIT
DEVLAB,DEVLAB
DEVX,DEVX
DEVX,DEVX
DEVYANI,DEVYANI
DEVYANI,DEVYANI
DFL,DFL
DFPL,DFPL
DGCONTENT,DGCONTENT
DGCONTENT,DGCONTENT
DGL,DGL
DHABRIYA,DHABRIYA
DHAMPURE,DHAMPURE
DHAMPURSUG,DHAMPURSUG
DHAMPURSUG,DHAMPURSUG
DHANBANK,DHANBANK
DHANBANK,DHANBANK
DHANCOT,DHANCOT
DHANFAB,DHANFAB
DHANLAXMI,DHANLAXMI
DHANROTO,DHANROTO
DHANSAFAL,DHANSAFAL
DHANUKA,DHANUKA
DHANUKA,DHANUKA
DHARAN,DHARAN
DHARAN,DHARAN
DHARARAIL,DHARARAIL
DHARFIN,DHARFIN
DHARIWAL,DHARIWAL
DHARMAJ,DHARMAJ
DHARMAJ,DHARMAJ
DHARNI,DHARNI
DHATRE,DHATRE
DHENUBUILD,DHENUBUILD
DHILLON,DHILLON
DHINDIA,DHINDIA
DHOOTIN,DHOOTIN
DHPIND,DHPIND
DHRUV,DHRUV
DHRUV,DHRUV
DHRUVCA,DHRUVCA
DHTL,DHTL
DHUNINV,DHUNINV
DHUNINV,DHUNINV
DHYAANITR,DHYAANITR
DIACABS,DIACABS
DIACABS,DIACABS
DIAMANT,DIAMANT
DIAMINESQ,DIAMINESQ
DIAMINESQ,DIAMINESQ
DIAMONDYD,DIAMONDYD
DIAMONDYD,DIAMONDYD
DIANATEA,DIANATEA
DICIND,DICIND
DICIND,DICIND
DIDL,DIDL
DIFFNKG,DIFFNKG
DIFFNKG,DIFFNKG
DIGIDRIVE,DIGIDRIVE
DIGIDRIVE,DIGIDRIVE
DIGIKORE,DIGIKORE
DIGISPICE,DIGISPICE
DIGISPICE,DIGISPICE
DIGITIDE,DIGITIDE
DIGITIDE,DIGITIDE
DIGJAMLMTD,DIGJAMLMTD
DIGJAMLMTD,DIGJAMLMTD
DIKSAT,DIKSAT
DIL,DIL
DILIGENT,DILIGENT
DISAQ,DISAQ
DISHTV,DISHTV
DISHTV,DISHTV
DITCO,DITCO
DIVGIITTS,DIVGIITTS
DIVGIITTS,DIVGIITTS
DIVIDEND,DIVIDEND
DIVIDEND,DIVIDEND
DIVINEHIRA,DIVINEHIRA
DIVISLAB,DIVISLAB
DIVISLAB,DIVISLAB
DIVOPPBEES,DIVOPPBEES
DIVSHKT,DIVSHKT
DIVYADHAN,DIVYADHAN
DIXON,DIXON
DIXON,DIXON
DJML,DJML
DJML,DJML
DJSSS,DJSSS
DKEGL,DKEGL
DKUAL,DKUAL
DLCL,DLCL
DLF,DLF
DLF,DLF
DLINKINDIA,DLINKINDIA
DLINKINDIA,DLINKINDIA
DLTNCBL,DLTNCBL
DMART,DMART
DMART,DMART
DMCC,DMCC
DMCC,DMCC
DML,DML
DMR,DMR
DNAMEDIA,DNAMEDIA
DNAMEDIA,DNAMEDIA
DODLA,DODLA
DODLA,DODLA
DOLATALGO,DOLATALGO
DOLATALGO,DOLATALGO
DOLFIN,DOLFIN
DOLLAR,DOLLAR
DOLLAR,DOLLAR
DOLLEX,DOLLEX
DOLPHIN,DOLPHIN
DOLPHIN,DOLPHIN
DOLPHMED,DOLPHMED
DOMS,DOMS
DOMS,DOMS
DONEAR,DONEAR
DONEAR,DONEAR
DPABHUSHAN,DPABHUSHAN
DPABHUSHAN,DPABHUSHAN
DPEL,DPEL
DPL,DPL
DPSCLTD,DPSCLTD
DPWIRES,DPWIRES
DPWIRES,DPWIRES
DRA,DRA
DRAGARWQ,DRAGARWQ
DRCSYSTEMS,DRCSYSTEMS
DRCSYSTEMS,DRCSYSTEMS
DREAMFOLKS,DREAMFOLKS
DREAMFOLKS,DREAMFOLKS
DREDGECORP,DREDGECORP
DREDGECORP,DREDGECORP
DRL,DRL
DRONACHRYA,DRONACHRYA
DRONE,DRONE
DRREDDY,DRREDDY
DRREDDY,DRREDDY
DRSCARGO,DRSCARGO
DRSDILIP,DRSDILIP
DSINVEST,DSINVEST
DSSL,DSSL
DSSL,DSSL
DTIL,DTIL
DTIL,DTIL
DTL,DTL
DUCOL,DUCOL
DUCON,DUCON
DUCON,DUCON
DUGLOBAL,DUGLOBAL
DUKEOFS,DUKEOFS
DUNCANENG,DUNCANENG
DURLAX,DURLAX
DUROPACK,DUROPACK
DUROPLY,DUROPLY
DUTRON,DUTRON
DVL,DVL
DVL,DVL
DWARKESH,DWARKESH
DWARKESH,DWARKESH
DYCL,DYCL
DYCL,DYCL
DYNAMATECH,DYNAMATECH
DYNAMATECH,DYNAMATECH
DYNAMIC,DYNAMIC
DYNAMICP,DYNAMICP
DYNAMIND,DYNAMIND
DYNAVSN,DYNAVSN
DYNPRO,DYNPRO
DYNPRO,DYNPRO
E2E,E2E
E2ERAIL,E2ERAIL
EARKART,EARKART
EARTH,EARTH
EASEMYTRIP,EASEMYTRIP
EASEMYTRIP,EASEMYTRIP
EASTBUILD,EASTBUILD
EASTINDIA,EASTINDIA
EASTRED,EASTRED
EASTSILK,EASTSILK
EASTWEST,EASTWEST
EASUN,EASUN
EBANKNIFTY,EBANKNIFTY
EBBETF0430,EBBETF0430
EBBETF0430,EBBETF0430
EBBETF0431,EBBETF0431
EBBETF0431,EBBETF0431
EBBETF0433,EBBETF0433
EBBETF0433,EBBETF0433
EBGNG,EBGNG
EBGNG,EBGNG
EBIX,EBIX
ECAPINSURE,ECAPINSURE
ECAPINSURE,ECAPINSURE
ECLERX,ECLERX
ECLERX,ECLERX
ECOBOAR,ECOBOAR
ECOHOTELS,ECOHOTELS
ECOLINE,ECOLINE
ECOPLAST,ECOPLAST
ECORECO,ECORECO
ECOSMOBLTY,ECOSMOBLTY
ECOSMOBLTY,ECOSMOBLTY
ECS,ECS
EDELWEISS,EDELWEISS
EDELWEISS,EDELWEISS
EDUCOMP,EDUCOMP
EDUCOMP,EDUCOMP
EDVENSWA,EDVENSWA
EEPL,EEPL
EFACTOR,EFACTOR
EFCIL,EFCIL
EFCIL,EFCIL
EFFWA,EFFWA
EFORCE,EFORCE
EGOLD,EGOLD
EICHERMOT,EICHERMOT
EICHERMOT,EICHERMOT
EIDPARRY,EIDPARRY
EIDPARRY,EIDPARRY
EIEL,EIEL
EIEL,EIEL
EIFFL,EIFFL
EIGHTY,EIGHTY
EIHAHOTELS,EIHAHOTELS
EIHAHOTELS,EIHAHOTELS
EIHOTEL,EIHOTEL
EIHOTEL,EIHOTEL
EIKO,EIKO
EIMCOELECO,EIMCOELECO
EIMCOELECO,EIMCOELECO
EKAMLEA,EKAMLEA
EKANSH,EKANSH
EKC,EKC
EKC,EKC
EKI,EKI
ELAND,ELAND
ELANGO,ELANGO
ELANTAS,ELANTAS
ELCIDIN,ELCIDIN
ELDEHSG,ELDEHSG
ELDEHSG,ELDEHSG
ELECON,ELECON
ELECON,ELECON
ELECTCAST,ELECTCAST
ELECTCAST,ELECTCAST
ELECTHERM,ELECTHERM
ELECTHERM,ELECTHERM
ELEFLOR,ELEFLOR
ELEMARB,ELEMARB
ELFORGE,ELFORGE
ELGIEQUIP,ELGIEQUIP
ELGIEQUIP,ELGIEQUIP
ELGIRUBCO,ELGIRUBCO
ELGNZ,ELGNZ
ELIN,ELIN
ELIN,ELIN
ELIQUID,ELIQUID
ELITECON,ELITECON
ELIXIR,ELIXIR
ELLEN,ELLEN
ELLEN,ELLEN
ELM250,ELM250
ELNET,ELNET
ELPROINTL,ELPROINTL
EMAINDIA,EMAINDIA
EMAMILTD,EMAMILTD
EMAMILTD,EMAMILTD
EMAMIPAP,EMAMIPAP
EMAMIPAP,EMAMIPAP
EMAMIREAL,EMAMIREAL
EMAMIREAL,EMAMIREAL
EMAPARTNER,EMAPARTNER
EMBASSY,EMBASSY
EMBASSY.RR,EMBASSY.RR
EMBDL,EMBDL
EMBDL,EMBDL
EMCURE,EMCURE
EMCURE,EMCURE
EMERALD,EMERALD
EMERALL,EMERALL
EMERGENT,EMERGENT
EMIL,EMIL
EMIL,EMIL
EMKAY,EMKAY
EMKAY,EMKAY
EMKAYTOOLS,EMKAYTOOLS
EMMBI,EMMBI
EMMBI,EMMBI
EMMESSA,EMMESSA
EMMFORCE,EMMFORCE
EMMIL,EMMIL
EMMVEE,EMMVEE
EMMVEE,EMMVEE
EMPIND,EMPIND
EMPOWER,EMPOWER
EMSLIMITED,EMSLIMITED
EMSLIMITED,EMSLIMITED
EMUDHRA,EMUDHRA
EMUDHRA,EMUDHRA
EMULTIMQ,EMULTIMQ
ENBETRD,ENBETRD
ENCODE,ENCODE
ENCOMPAS,ENCOMPAS
ENDURANCE,ENDURANCE
ENDURANCE,ENDURANCE
ENERGY,ENERGY
ENERGY,ENERGY
ENERGYDEV,ENERGYDEV
ENERGYDEV,ENERGYDEV
ENERGYINF,ENERGYINF
ENFUSE,ENFUSE
ENGINERSIN,ENGINERSIN
ENGINERSIN,ENGINERSIN
ENIFTY,ENIFTY
ENIL,ENIL
ENIL,ENIL
ENKEIWHEL,ENKEIWHEL
ENRIN,ENRIN
ENRIN,ENRIN
ENSER,ENSER
ENTERO,ENTERO
ENTERO,ENTERO
ENTRINT,ENTRINT
ENVAIREL,ENVAIREL
ENVIRO,ENVIRO
EPACK,EPACK
EPACK,EPACK
EPACKPEB,EPACKPEB
EPACKPEB,EPACKPEB
EPBIO,EPBIO
EPIC,EPIC
EPIGRAL,EPIGRAL
EPIGRAL,EPIGRAL
EPL,EPL
EPL,EPL
EPSOMPRO,EPSOMPRO
EPUJA,EPUJA
EPWINDIA,EPWINDIA
EQUAL200,EQUAL200
EQUAL200,EQUAL200
EQUAL50,EQUAL50
EQUAL50,EQUAL50
EQUAL50ADD,EQUAL50ADD
EQUAL50ADD,EQUAL50ADD
EQUILATERA,EQUILATERA
EQUIPPP,EQUIPPP
EQUIPPP,EQUIPPP
EQUITASBNK,EQUITASBNK
EQUITASBNK,EQUITASBNK
ERIS,ERIS
ERIS,ERIS
ERPSOFT,ERPSOFT
ESABINDIA,ESABINDIA
ESABINDIA,ESABINDIA
ESAFSFB,ESAFSFB
ESAFSFB,ESAFSFB
ESARIND,ESARIND
ESCONET,ESCONET
ESCORP,ESCORP
ESCORTS,ESCORTS
ESCORTS,ESCORTS
ESENSEX,ESENSEX
ESENSEX,ESENSEX
ESFL,ESFL
ESG,ESG
ESG,ESG
ESHAMEDIA,ESHAMEDIA
ESILVER,ESILVER
ESPIRE,ESPIRE
ESPRIT,ESPRIT
ESSARSHPNG,ESSARSHPNG
ESSARSHPNG,ESSARSHPNG
ESSENTIA,ESSENTIA
ESSENTIA,ESSENTIA
ESSEX,ESSEX
ESTER,ESTER
ESTER,ESTER
ETERNAL,ETERNAL
ETERNAL,ETERNAL
ETHOSLTD,ETHOSLTD
ETHOSLTD,ETHOSLTD
ETIL,ETIL
ETL,ETL
ETML,ETML
EUPHORIAIT,EUPHORIAIT
EUREKAFORB,EUREKAFORB
EUREKAFORB,EUREKAFORB
EUREKAI,EUREKAI
EUROBOND,EUROBOND
EUROBOND,EUROBOND
EUROLED,EUROLED
EUROPRATIK,EUROPRATIK
EUROPRATIK,EUROPRATIK
EUROTEXIND,EUROTEXIND
EUROTEXIND,EUROTEXIND
EVANS,EVANS
EVEREADY,EVEREADY
EVEREADY,EVEREADY
EVERESTIND,EVERESTIND
EVERESTIND,EVERESTIND
EVERESTO,EVERESTO
EVERFIN,EVERFIN
EVEXIA,EVEXIA
EVIETF,EVIETF
EVIETF,EVIETF
EVINDIA,EVINDIA
EVINDIA,EVINDIA
EVOQ,EVOQ
EXATO,EXATO
EXCEL,EXCEL
EXCEL,EXCEL
EXCELINDUS,EXCELINDUS
EXCELINDUS,EXCELINDUS
EXCELLENT,EXCELLENT
EXCELSOFT,EXCELSOFT
EXCELSOFT,EXCELSOFT
EXHICON,EXHICON
EXICOM,EXICOM
EXICOM,EXICOM
EXIDEIND,EXIDEIND
EXIDEIND,EXIDEIND
EXIMROUTES,EXIMROUTES
EXPLEOSOL,EXPLEOSOL
EXPLEOSOL,EXPLEOSOL
EXPLICITFIN,EXPLICITFIN
EXPOEAPL,EXPOEAPL
EXXARO,EXXARO
EXXARO,EXXARO
EY,EY
FAALCON,FAALCON
FABCLEAN,FABCLEAN
FABINO,FABINO
FABTECH,FABTECH
FABTECH,FABTECH
FACORALL,FACORALL
FACT,FACT
FACT,FACT
FAIRCHEMOR,FAIRCHEMOR
FAIRCHEMOR,FAIRCHEMOR
FALCONTECH,FALCONTECH
FAMILYCARE,FAMILYCARE
FAZE3Q,FAZE3Q
FAZE3Q,FAZE3Q
FCL,FCL
FCL,FCL
FCONSUMER,FCONSUMER
FCONSUMER,FCONSUMER
FCSSOFT,FCSSOFT
FCSSOFT,FCSSOFT
FDC,FDC
FDC,FDC
FEDDERSHOL,FEDDERSHOL
FEDERALBNK,FEDERALBNK
FEDERALBNK,FEDERALBNK
FEDFINA,FEDFINA
FEDFINA,FEDFINA
FEL,FEL
FEL,FEL
FELDVR,FELDVR
FELDVR,FELDVR
FELIX,FELIX
FERMENTA,FERMENTA
FERVENTSYN,FERVENTSYN
FFPL,FFPL
FGP,FGP
FIBERWEB,FIBERWEB
FIBERWEB,FIBERWEB
FIDEL,FIDEL
FIEMIND,FIEMIND
FIEMIND,FIEMIND
FILATEX,FILATEX
FILATEX,FILATEX
FILATFASH,FILATFASH
FILATFASH,FILATFASH
FILME,FILME
FILTRA,FILTRA
FILTRON,FILTRON
FINBUD,FINBUD
FINCABLES,FINCABLES
FINCABLES,FINCABLES
FINELINE,FINELINE
FINEORG,FINEORG
FINEORG,FINEORG
FINIETF,FINIETF
FINIETF,FINIETF
FINKURVE,FINKURVE
FINKURVE,FINKURVE
FINOPB,FINOPB
FINOPB,FINOPB
FINPIPE,FINPIPE
FINPIPE,FINPIPE
FIRSTCRY,FIRSTCRY
FIRSTCRY,FIRSTCRY
FIRSTFIN,FIRSTFIN
FISCHER,FISCHER
FISCHER,FISCHER
FIVESTAR,FIVESTAR
FIVESTAR,FIVESTAR
FLAIR,FLAIR
FLAIR,FLAIR
FLEXFO,FLEXFO
FLEXIADD,FLEXIADD
FLEXIADD,FLEXIADD
FLEXITUFF,FLEXITUFF
FLEXITUFF,FLEXITUFF
FLFL,FLFL
FLFL,FLFL
FLOMIC,FLOMIC
FLORACORP,FLORACORP
FLUIDOM,FLUIDOM
FLUOROCHEM,FLUOROCHEM
FLUOROCHEM,FLUOROCHEM
FLYSBS,FLYSBS
FMCGIETF,FMCGIETF
FMCGIETF,FMCGIETF
FMEC,FMEC
FMGOETZE,FMGOETZE
FMGOETZE,FMGOETZE
FMNL,FMNL
FMNL,FMNL
FOCE,FOCE
FOCUS,FOCUS
FOCUS,FOCUS
FONEBOX,FONEBOX
FOODSIN,FOODSIN
FOODSIN,FOODSIN
FORBESCO,FORBESCO
FORCAS,FORCAS
FORCEMOT,FORCEMOT
FORCEMOT,FORCEMOT
FORGEAUTO,FORGEAUTO
FORINTL,FORINTL
FORTIS,FORTIS
FORTIS,FORTIS
FORTISMLR,FORTISMLR
FOSECOIND,FOSECOIND
FOSECOIND,FOSECOIND
FRANKLIN,FRANKLIN
FRANKLININD,FRANKLININD
FRASER,FRASER
FRATELLI,FRATELLI
FREDUN,FREDUN
FRESHARA,FRESHARA
FROG,FROG
FRONTCAP,FRONTCAP
FRONTCORP,FRONTCORP
FRONTSP,FRONTSP
FRUTION,FRUTION
FSL,FSL
FSL,FSL
FTL,FTL
FUNDVISER,FUNDVISER
FUSION,FUSION
FUSION,FUSION
FUTSOL,FUTSOL
FUTURSEC,FUTURSEC
FWSTC,FWSTC
FYNX,FYNX
GABRIEL,GABRIEL
GABRIEL,GABRIEL
GAEL,GAEL
GAEL,GAEL
GAGAN,GAGAN
GAIL,GAIL
GAIL,GAIL
GAJANAND,GAJANAND
GAJANANSEC,GAJANANSEC
GALACTICO,GALACTICO
GALADA,GALADA
GALADAFIN,GALADAFIN
GALAGEX,GALAGEX
GALAPREC,GALAPREC
GALAPREC,GALAPREC
GALAXYSURF,GALAXYSURF
GALAXYSURF,GALAXYSURF
GALLANTT,GALLANTT
GALLANTT,GALLANTT
GALLARD,GALLARD
GALLOPENT,GALLOPENT
GALXBRG,GALXBRG
GAMCO,GAMCO
GANDHAR,GANDHAR
GANDHAR,GANDHAR
GANDHITUBE,GANDHITUBE
GANDHITUBE,GANDHITUBE
GANECOS,GANECOS
GANECOS,GANECOS
GANESHBE,GANESHBE
GANESHBE,GANESHBE
GANESHCP,GANESHCP
GANESHCP,GANESHCP
GANESHHOU,GANESHHOU
GANESHHOU,GANESHHOU
GANESHIN,GANESHIN
GANGABATH,GANGABATH
GANGAFORGE,GANGAFORGE
GANGAPA,GANGAPA
GANGAPHARM,GANGAPHARM
GANGESSECU,GANGESSECU
GANGESSECU,GANGESSECU
GANHOLD,GANHOLD
GANONPRO,GANONPRO
GANVERSE,GANVERSE
GARBIFIN,GARBIFIN
GARFIBRES,GARFIBRES
GARFIBRES,GARFIBRES
GARGFUR,GARGFUR
GARGI,GARGI
GARMNTMNTR,GARMNTMNTR
GARNET,GARNET
GARNETINT,GARNETINT
GARUDA,GARUDA
GARUDA,GARUDA
GARWAMAR,GARWAMAR
GARWSYN,GARWSYN
GATECH,GATECH
GATECH,GATECH
GATECHDVR,GATECHDVR
GATECHDVR,GATECHDVR
GATEWAY,GATEWAY
GATEWAY,GATEWAY
GAYAHWS,GAYAHWS
GAYAHWS,GAYAHWS
GAYAPROJ,GAYAPROJ
GAYAPROJ,GAYAPROJ
GAYATRI,GAYATRI
GAYATRIBI,GAYATRIBI
GBFL,GBFL
GBLOGISTIC,GBLOGISTIC
GCHOTELS,GCHOTELS
GCKL,GCKL
GCMCAPI,GCMCAPI
GCMSECU,GCMSECU
GCONNECT,GCONNECT
GCSL,GCSL
GCSL,GCSL
GDLLEAS,GDLLEAS
GEE,GEE
GEECEE,GEECEE
GEECEE,GEECEE
GEEKAYWIRE,GEEKAYWIRE
GEETANJ,GEETANJ
GEL,GEL
GEMAROMA,GEMAROMA
GEMAROMA,GEMAROMA
GEMENVIRO,GEMENVIRO
GEMSI,GEMSI
GEMSPIN,GEMSPIN
GENCON,GENCON
GENCON,GENCON
GENESIS,GENESIS
GENESYS,GENESYS
GENESYS,GENESYS
GENNEX,GENNEX
GENPHARMA,GENPHARMA
GENSOL,GENSOL
GENSOL,GENSOL
GENUSPAPER,GENUSPAPER
GENUSPAPER,GENUSPAPER
GENUSPOWER,GENUSPOWER
GENUSPOWER,GENUSPOWER
GENUSPRIME,GENUSPRIME
GEOJITFSL,GEOJITFSL
GEOJITFSL,GEOJITFSL
GESHIP,GESHIP
GESHIP,GESHIP
GETALONG,GETALONG
GFLLIMITED,GFLLIMITED
GFLLIMITED,GFLLIMITED
GFSTEELS,GFSTEELS
GFSTEELS,GFSTEELS
GGAUTO,GGAUTO
GGBL,GGBL
GGDPROP,GGDPROP
GGENG,GGENG
GGL,GGL
GGPL,GGPL
GHCL,GHCL
GHCL,GHCL
GHCLTEXTIL,GHCLTEXTIL
GHCLTEXTIL,GHCLTEXTIL
GHUSHINE,GHUSHINE
GHVINFRA,GHVINFRA
GIANLIFE,GIANLIFE
GICHSGFIN,GICHSGFIN
GICHSGFIN,GICHSGFIN
GICL,GICL
GICRE,GICRE
GICRE,GICRE
GILADAFINS,GILADAFINS
GILLANDERS,GILLANDERS
GILLANDERS,GILLANDERS
GILLETTE,GILLETTE
GILLETTE,GILLETTE
GILT10BETA,GILT10BETA
GILT10BETA,GILT10BETA
GILT5BETA,GILT5BETA
GILT5BETA,GILT5BETA
GILT5YBEES,GILT5YBEES
GINISILK,GINISILK
GINNIFILA,GINNIFILA
GINNIFILA,GINNIFILA
GIPCL,GIPCL
GIPCL,GIPCL
GIRIRAJ,GIRIRAJ
GITARENEW,GITARENEW
GKB,GKB
GKCONS,GKCONS
GKENERGY,GKENERGY
GKENERGY,GKENERGY
GKP,GKP
GKSL,GKSL
GKSL,GKSL
GKWLIMITED,GKWLIMITED
GLANCE,GLANCE
GLAND,GLAND
GLAND,GLAND
GLAXO,GLAXO
GLAXO,GLAXO
GLCL,GLCL
GLEAM,GLEAM
GLEN,GLEN
GLENMARK,GLENMARK
GLENMARK,GLENMARK
GLFL,GLFL
GLFL,GLFL
GLHRL,GLHRL
GLITTEKG,GLITTEKG
GLOBAL,GLOBAL
GLOBALCA,GLOBALCA
GLOBALE,GLOBALE
GLOBALE,GLOBALE
GLOBALLOG,GLOBALLOG
GLOBALPET,GLOBALPET
GLOBALVECT,GLOBALVECT
GLOBALVECT,GLOBALVECT
GLOBE,GLOBE
GLOBECIVIL,GLOBECIVIL
GLOBECIVIL,GLOBECIVIL
GLOBOFFS,GLOBOFFS
GLOBTIER,GLOBTIER
GLOBUSCON,GLOBUSCON
GLOBUSSPR,GLOBUSSPR
GLOBUSSPR,GLOBUSSPR
GLOSTERLTD,GLOSTERLTD
GLOSTERLTD,GLOSTERLTD
GLOTTIS,GLOTTIS
GLOTTIS,GLOTTIS
GMBREW,GMBREW
GMBREW,GMBREW
GMDCLTD,GMDCLTD
GMDCLTD,GMDCLTD
GML,GML
GMMPFAUDLR,GMMPFAUDLR
GMMPFAUDLR,GMMPFAUDLR
GMPL,GMPL
GMRAIRPORT,GMRAIRPORT
GMRAIRPORT,GMRAIRPORT
GMRP&UI,GMRP&UI
GMRP_UI,GMRP_UI
GNA,GNA
GNA,GNA
GNFC,GNFC
GNFC,GNFC
GNRL,GNRL
GOACARBON,GOACARBON
GOACARBON,GOACARBON
GOBLIN,GOBLIN
GOCLCORP,GOCLCORP
GOCLCORP,GOCLCORP
GOCOLORS,GOCOLORS
GOCOLORS,GOCOLORS
GODAVARI,GODAVARI
GODAVARIB,GODAVARIB
GODAVARIB,GODAVARIB
GODFRYPHLP,GODFRYPHLP
GODFRYPHLP,GODFRYPHLP
GODIGIT,GODIGIT
GODIGIT,GODIGIT
GODREJAGRO,GODREJAGRO
GODREJAGRO,GODREJAGRO
GODREJCP,GODREJCP
GODREJCP,GODREJCP
GODREJIND,GODREJIND
GODREJIND,GODREJIND
GODREJPROP,GODREJPROP
GODREJPROP,GODREJPROP
GOEL,GOEL
GOELCONS,GOELCONS
GOGIACAPGL,GOGIACAPGL
GOKAKTEX,GOKAKTEX
GOKEX,GOKEX
GOKEX,GOKEX
GOKUL,GOKUL
GOKUL,GOKUL
GOKULAGRO,GOKULAGRO
GOKULAGRO,GOKULAGRO
GOLCA,GOLCA
GOLD1,GOLD1
GOLD1,GOLD1
GOLD360,GOLD360
GOLD360,GOLD360
GOLDADD,GOLDADD
GOLDADD,GOLDADD
GOLDBEES,GOLDBEES
GOLDBEES,GOLDBEES
GOLDBETA,GOLDBETA
GOLDBETA,GOLDBETA
GOLDBND,GOLDBND
GOLDBND,GOLDBND
GOLDCASE,GOLDCASE
GOLDCASE,GOLDCASE
GOLDENCREST,GOLDENCREST
GOLDENTOBC,GOLDENTOBC
GOLDENTOBC,GOLDENTOBC
GOLDETF,GOLDETF
GOLDETF,GOLDETF
GOLDIAM,GOLDIAM
GOLDIAM,GOLDIAM
GOLDIETF,GOLDIETF
GOLDIETF,GOLDIETF
GOLDLEG,GOLDLEG
GOLDSTAR,GOLDSTAR
GOLDTECH,GOLDTECH
GOLDTECH,GOLDTECH
GOLECHA,GOLECHA
GOLKONDA,GOLKONDA
GOLKUNDIA,GOLKUNDIA
GOODLUCK,GOODLUCK
GOODLUCK,GOODLUCK
GOODRICKE,GOODRICKE
GOODYEAR,GOODYEAR
GOPAIST,GOPAIST
GOPAL,GOPAL
GOPAL,GOPAL
GORANIN,GORANIN
GOTHIPL,GOTHIPL
GOURMET,GOURMET
GOWRALE,GOWRALE
GOYALALUM,GOYALALUM
GOYALALUM,GOYALALUM
GOYALASS,GOYALASS
GOYALSALT,GOYALSALT
GPAPL,GPAPL
GPECO,GPECO
GPIL,GPIL
GPIL,GPIL
GPPL,GPPL
GPPL,GPPL
GPSL,GPSL
GPTHEALTH,GPTHEALTH
GPTHEALTH,GPTHEALTH
GPTINFRA,GPTINFRA
GPTINFRA,GPTINFRA
GRAMEVA,GRAMEVA
GRANDMA,GRANDMA
GRANDOAK,GRANDOAK
GRANULES,GRANULES
GRANULES,GRANULES
GRAPHISAD,GRAPHISAD
GRAPHITE,GRAPHITE
GRAPHITE,GRAPHITE
GRASIM,GRASIM
GRASIM,GRASIM
GRATEXI,GRATEXI
GRAUWEIL,GRAUWEIL
GRAVISSHO,GRAVISSHO
GRAVITA,GRAVITA
GRAVITA,GRAVITA
GRAVITY,GRAVITY
GRCL,GRCL
GREAVESCOT,GREAVESCOT
GREAVESCOT,GREAVESCOT
GREENCHEF,GREENCHEF
GREENCREST,GREENCREST
GREENLAM,GREENLAM
GREENLAM,GREENLAM
GREENLEAF,GREENLEAF
GREENPANEL,GREENPANEL
GREENPANEL,GREENPANEL
GREENPLY,GREENPLY
GREENPLY,GREENPLY
GREENPOWER,GREENPOWER
GREENPOWER,GREENPOWER
GRERENEW,GRERENEW
GRETEX,GRETEX
GRINDWELL,GRINDWELL
GRINDWELL,GRINDWELL
GRINFRA,GRINFRA
GRINFRA,GRINFRA
GRMOVER,GRMOVER
GRMOVER,GRMOVER
GROARC,GROARC
GROBTEA,GROBTEA
GROVY,GROVY
GROWINGTON,GROWINGTON
GROWW,GROWW
GROWW,GROWW
GROWWCAPM,GROWWCAPM
GROWWCHEM,GROWWCHEM
GROWWDEFNC,GROWWDEFNC
GROWWEV,GROWWEV
GROWWGOLD,GROWWGOLD
GROWWLIQID,GROWWLIQID
GROWWLOVOL,GROWWLOVOL
GROWWMC150,GROWWMC150
GROWWMETAL,GROWWMETAL
GROWWMOM50,GROWWMOM50
GROWWN200,GROWWN200
GROWWNET,GROWWNET
GROWWNIFTY,GROWWNIFTY
GROWWNXT50,GROWWNXT50
GROWWPOWER,GROWWPOWER
GROWWPOWER,GROWWPOWER
GROWWRAIL,GROWWRAIL
GROWWRLTY,GROWWRLTY
GROWWSC250,GROWWSC250
GROWWSLVR,GROWWSLVR
GRPLTD,GRPLTD
GRPLTD,GRPLTD
GRSE,GRSE
GRSE,GRSE
GRWRHITECH,GRWRHITECH
GRWRHITECH,GRWRHITECH
GSAUTO,GSAUTO
GSBFIN,GSBFIN
GSEC10ABSL,GSEC10ABSL
GSEC10ABSL,GSEC10ABSL
GSEC10IETF,GSEC10IETF
GSEC10IETF,GSEC10IETF
GSEC10YEAR,GSEC10YEAR
GSEC10YEAR,GSEC10YEAR
GSEC5IETF,GSEC5IETF
GSEC5IETF,GSEC5IETF
GSFC,GSFC
GSFC,GSFC
GSLSEC,GSLSEC
GSLSU,GSLSU
GSLSU,GSLSU
GSMFOILS,GSMFOILS
GSPL,GSPL
GSPL,GSPL
GSS,GSS
GSS,GSS
GSTL,GSTL
GSTL,GSTL
GTECJAINX,GTECJAINX
GTEIT,GTEIT
GTIL,GTIL
GTL,GTL
GTL,GTL
GTLINFRA,GTLINFRA
GTLINFRA,GTLINFRA
GTNINDS,GTNINDS
GTNTEX,GTNTEX
GTPL,GTPL
GTPL,GTPL
GTTDATA,GTTDATA
GTV,GTV
GUFICBIO,GUFICBIO
GUFICBIO,GUFICBIO
GUJALKALI,GUJALKALI
GUJALKALI,GUJALKALI
GUJAPOLLO,GUJAPOLLO
GUJAPOLLO,GUJAPOLLO
GUJARATPOLY,GUJARATPOLY
GUJCONT,GUJCONT
GUJCOTEX,GUJCOTEX
GUJCRAFT,GUJCRAFT
GUJCRED,GUJCRED
GUJGASLTD,GUJGASLTD
GUJGASLTD,GUJGASLTD
GUJHOTE,GUJHOTE
GUJHYSPIN,GUJHYSPIN
GUJINJEC,GUJINJEC
GUJINTRX,GUJINTRX
GUJINV,GUJINV
GUJPETR,GUJPETR
GUJRAFFIA,GUJRAFFIA
GUJRAFFIA,GUJRAFFIA
GUJSTATFIN,GUJSTATFIN
GUJTERC,GUJTERC
GUJTHEM,GUJTHEM
GUJTHEM,GUJTHEM
GUJTLRM,GUJTLRM
GUJWIND,GUJWIND
GULFOILLUB,GULFOILLUB
GULFOILLUB,GULFOILLUB
GULFPETRO,GULFPETRO
GULFPETRO,GULFPETRO
GULPOLY,GULPOLY
GULPOLY,GULPOLY
GURUNANAK,GURUNANAK
GVBL,GVBL
GVFILM,GVFILM
GVKPIL,GVKPIL
GVKPIL,GVKPIL
GVL,GVL
GVPIL,GVPIL
GVPIL,GVPIL
GVPTECH,GVPTECH
GVPTECHPP.E1,GVPTECHPP.E1
GVT&D,GVT&D
GVTD,GVTD
GYANDEV,GYANDEV
HAL,HAL
HAL,HAL
HALDER,HALDER
HALDER,HALDER
HALDYNGL,HALDYNGL
HALEOSLABS,HALEOSLABS
HALEOSLABS,HALEOSLABS
HAMPS,HAMPS
HAMPTON,HAMPTON
HANMAN,HANMAN
HANSUGAR,HANSUGAR
HAPPSTMNDS,HAPPSTMNDS
HAPPSTMNDS,HAPPSTMNDS
HAPPYFORGE,HAPPYFORGE
HAPPYFORGE,HAPPYFORGE
HARAFIN,HARAFIN
HARCR,HARCR
HARDCAS,HARDCAS
HARDWYN,HARDWYN
HARDWYN,HARDWYN
HARIAAPL,HARIAAPL
HARIAEXPO,HARIAEXPO
HARIGOV,HARIGOV
HARIOMPIPE,HARIOMPIPE
HARIOMPIPE,HARIOMPIPE
HARISH,HARISH
HARLETH,HARLETH
HARRMALAYA,HARRMALAYA
HARRMALAYA,HARRMALAYA
HARSHA,HARSHA
HARSHA,HARSHA
HARSHDEEP,HARSHDEEP
HARSHILAGR,HARSHILAGR
HARYNACAP,HARYNACAP
HASTIFIN,HASTIFIN
HATHWAY,HATHWAY
HATHWAY,HATHWAY
HATHWAYB,HATHWAYB
HATSUN,HATSUN
HATSUN,HATSUN
HAVELLS,HAVELLS
HAVELLS,HAVELLS
HAVISHA,HAVISHA
HAVISHA,HAVISHA
HAWAENG,HAWAENG
HAWKINCOOK,HAWKINCOOK
HAZOOR,HAZOOR
HBEL,HBEL
HBESD,HBESD
HBLEAS,HBLEAS
HBLENGINE,HBLENGINE
HBLENGINE,HBLENGINE
HBPOR,HBPOR
HBSL,HBSL
HBSL,HBSL
HCC,HCC
HCC,HCC
HCG,HCG
HCG,HCG
HCKKVENTURE,HCKKVENTURE
HCLTECH,HCLTECH
HCLTECH,HCLTECH
HCL_INSYS,HCL_INSYS
HCL_INSYS,HCL_INSYS
HDBFS,HDBFS
HDBFS,HDBFS
HDFCAMC,HDFCAMC
HDFCAMC,HDFCAMC
HDFCBANK,HDFCBANK
HDFCBANK,HDFCBANK
HDFCBSE500,HDFCBSE500
HDFCBSE500,HDFCBSE500
HDFCGOLD,HDFCGOLD
HDFCGOLD,HDFCGOLD
HDFCGROWTH,HDFCGROWTH
HDFCGROWTH,HDFCGROWTH
HDFCLIFE,HDFCLIFE
HDFCLIFE,HDFCLIFE
HDFCLIQUID,HDFCLIQUID
HDFCLIQUID,HDFCLIQUID
HDFCLOWVOL,HDFCLOWVOL
HDFCLOWVOL,HDFCLOWVOL
HDFCMID150,HDFCMID150
HDFCMID150,HDFCMID150
HDFCMOMENT,HDFCMOMENT
HDFCMOMENT,HDFCMOMENT
HDFCNEXT50,HDFCNEXT50
HDFCNEXT50,HDFCNEXT50
HDFCNIF100,HDFCNIF100
HDFCNIF100,HDFCNIF100
HDFCNIFBAN,HDFCNIFBAN
HDFCNIFBAN,HDFCNIFBAN
HDFCNIFIT,HDFCNIFIT
HDFCNIFIT,HDFCNIFIT
HDFCNIFTY,HDFCNIFTY
HDFCNIFTY,HDFCNIFTY
HDFCPSUBK,HDFCPSUBK
HDFCPSUBK,HDFCPSUBK
HDFCPVTBAN,HDFCPVTBAN
HDFCPVTBAN,HDFCPVTBAN
HDFCQUAL,HDFCQUAL
HDFCQUAL,HDFCQUAL
HDFCSENSEX,HDFCSENSEX
HDFCSENSEX,HDFCSENSEX
HDFCSILVER,HDFCSILVER
HDFCSILVER,HDFCSILVER
HDFCSML250,HDFCSML250
HDFCSML250,HDFCSML250
HDFCVALUE,HDFCVALUE
HDFCVALUE,HDFCVALUE
HDIL,HDIL
HDIL,HDIL
HEADSUP,HEADSUP
HEADSUP,HEADSUP
HEALTHADD,HEALTHADD
HEALTHADD,HEALTHADD
HEALTHIETF,HEALTHIETF
HEALTHIETF,HEALTHIETF
HEALTHY,HEALTHY
HEALTHY,HEALTHY
HEALTHYLIFE,HEALTHYLIFE
HECPROJECT,HECPROJECT
HEERAISP,HEERAISP
HEG,HEG
HEG,HEG
HEIDELBERG,HEIDELBERG
HEIDELBERG,HEIDELBERG
HELLOJI,HELLOJI
HELPAGE,HELPAGE
HEMANG,HEMANG
HEMIPROP,HEMIPROP
HEMIPROP,HEMIPROP
HEMORGANIC,HEMORGANIC
HERANBA,HERANBA
HERANBA,HERANBA
HERCULES,HERCULES
HERITGFOOD,HERITGFOOD
HERITGFOOD,HERITGFOOD
HEROMOTOCO,HEROMOTOCO
HEROMOTOCO,HEROMOTOCO
HESTERBIO,HESTERBIO
HESTERBIO,HESTERBIO
HEXATRADEX,HEXATRADEX
HEXATRADEX,HEXATRADEX
HEXT,HEXT
HEXT,HEXT
HFCL,HFCL
HFCL,HFCL
HFIL,HFIL
HGINFRA,HGINFRA
HGINFRA,HGINFRA
HGM,HGM
HGM,HGM
HGS,HGS
HGS,HGS
HIGHENE,HIGHENE
HIGREEN,HIGREEN
HIKAL,HIKAL
HIKAL,HIKAL
HIKLASS,HIKLASS
HILIKS,HILIKS
HILINFRA,HILINFRA
HILINFRA,HILINFRA
HILLTONE,HILLTONE
HILTON,HILTON
HILTON,HILTON
HIMATSEIDE,HIMATSEIDE
HIMATSEIDE,HIMATSEIDE
HIMTEK,HIMTEK
HINDADH,HINDADH
HINDALCO,HINDALCO
HINDALCO,HINDALCO
HINDALUMI,HINDALUMI
HINDAPL,HINDAPL
HINDBIO,HINDBIO
HINDCOMPOS,HINDCOMPOS
HINDCOMPOS,HINDCOMPOS
HINDCON,HINDCON
HINDCOPPER,HINDCOPPER
HINDCOPPER,HINDCOPPER
HINDHARD,HINDHARD
HINDMILL,HINDMILL
HINDMOTORS,HINDMOTORS
HINDOILEXP,HINDOILEXP
HINDOILEXP,HINDOILEXP
HINDPETRO,HINDPETRO
HINDPETRO,HINDPETRO
HINDTIN,HINDTIN
HINDUNILVR,HINDUNILVR
HINDUNILVR,HINDUNILVR
HINDUST,HINDUST
HINDWAREAP,HINDWAREAP
HINDWAREAP,HINDWAREAP
HINDZINC,HINDZINC
HINDZINC,HINDZINC
HINFLUR,HINFLUR
HIPOLIN,HIPOLIN
HIRECT,HIRECT
HIRECT,HIRECT
HISARMETAL,HISARMETAL
HISARMETAL,HISARMETAL
HISARSP,HISARSP
HITECH,HITECH
HITECH,HITECH
HITECHCORP,HITECHCORP
HITECHCORP,HITECHCORP
HITECHGEAR,HITECHGEAR
HITECHGEAR,HITECHGEAR
HITKITGLO,HITKITGLO
HITTCO,HITTCO
HLEGLAS,HLEGLAS
HLEGLAS,HLEGLAS
HLVLTD,HLVLTD
HLVLTD,HLVLTD
HMAAGRO,HMAAGRO
HMAAGRO,HMAAGRO
HMEML,HMEML
HMT,HMT
HMT,HMT
HMVL,HMVL
HMVL,HMVL
HNDFDS,HNDFDS
HNDFDS,HNDFDS
HNGSNGBEES,HNGSNGBEES
HNGSNGBEES,HNGSNGBEES
HOACFOODS,HOACFOODS
HOCL,HOCL
HOLMARC,HOLMARC
HOMEFIRST,HOMEFIRST
HOMEFIRST,HOMEFIRST
HOMESFY,HOMESFY
HONASA,HONASA
HONASA,HONASA
HONAUT,HONAUT
HONAUT,HONAUT
HONDAPOWER,HONDAPOWER
HONDAPOWER,HONDAPOWER
HOTLSILV,HOTLSILV
HOWARHO,HOWARHO
HPAL,HPAL
HPAL,HPAL
HPBL,HPBL
HPCOTTON,HPCOTTON
HPIL,HPIL
HPIL,HPIL
HPL,HPL
HPL,HPL
HPTL,HPTL
HRHNEXT,HRHNEXT
HRMNYCP,HRMNYCP
HRS,HRS
HRYNSHP,HRYNSHP
HSCL,HSCL
HSCL,HSCL
HSIL,HSIL
HTMEDIA,HTMEDIA
HTMEDIA,HTMEDIA
HUBTOWN,HUBTOWN
HUBTOWN,HUBTOWN
HUDCO,HUDCO
HUDCO,HUDCO
HUHTAMAKI,HUHTAMAKI
HUHTAMAKI,HUHTAMAKI
HUIL,HUIL
HVAX,HVAX
HYBRIDFIN,HYBRIDFIN
HYBRIDFIN,HYBRIDFIN
HYPERSOFT,HYPERSOFT
HYUNDAI,HYUNDAI
HYUNDAI,HYUNDAI
IBINFO,IBINFO
IBLFL,IBLFL
IBULLSLTD,IBULLSLTD
IBULLSLTD,IBULLSLTD
ICDSLTD,ICDSLTD
ICDSLTD,ICDSLTD
ICEMAKE,ICEMAKE
